from,to
(Aert) Joons,Jons
(obyt),
Aake,Aken
Aaken,Aken
Aaker,Acker
Aalst,Aalstein
Aalsteyn,Aalstein
Aalstyn,Aalstein
Aards,Aertse
Aardsz vander Hard,Aardsz van der Hard
Aardz van der Hard,Aardsz van der Hard
Aarnem,Arnhem
Aarnhem,Arnhem
Aarnum,Arnhem
Aarsche,Aertse
Aarse,Aersen
Aarsen,Aersen
Aarssen,Aersen
Aarts,Aertse
Aartse,Aertse
Aartsen,Aertszen
Abbet,Abbot
Abble,Abeel
ABeel,Abeel
Abeil,Abeel
Ablienis,Ablienes
Ablinis,Ablienes
Abrahams,Abramze
Abrahamse,Abramze
Abrahamssze,Abramze
Abrahamsze,Abramze
Abrams,Abramze
Abrams Clocq,Abrahams Clok
Abramse,Abramze
Abramsz,Abramze
Abramsze,Abramze
Abramzen,Abramze
Acce,Aken
Achenbach,Achenbagh
Achenback,Achenbagh
Achenpagh,Achenbagh
Ackermann,Ackerman
Ackermans,Ackerman
Adams Brouwer,Adams Brower
Adams Browers,Adams Brower
Adamse,Adams
Adken,Aken
Adolfsen,Adolfszen
Adolfzen,Adolfszen
Adoms,Adams
Adriaans,Adrianse
Adriaanse,Adrianse
Adriaensz,Andrieszen
Adriaenszen,Andrieszen
Adrians,Adrianse
Adriansz,Adrianse
Adriens,Adrianse
Adrieszen,Andrieszen
Aeckerr,Ecker
Aeke,Aken
Aeken,Aken
Aeker,Acker
Aelstein,Aalstein
Aelsteyn,Aalstein
Aelstyn,Aalstein
Aernam,Arnhem
Aerse,Aersen
Aerts,Aertse
Aertsen,Aardsen
Aertsen van de Bilt,Aerts van de Bilt
Aertze,Aertse
Aertzen,Aersen
Aerze,Aertse
Aetsen,Aersen
Agenbagh,Achenbagh
Aghenbagh,Achenbagh
Ahardwyn,Hardewyn
Ake,Aken
Aker,Ecker
Akes,Aukes
Akkerman,Ackerman
Albadi,Albody
Alberse,Alberts
Albertse,Alberts
Albertsz,Alberts
Albertus,Alberts
Albertz,Alberts
Albertz Terhunen,Alberts Terhunen
Albreght,Albregt
Albright,Albregt
Albrigt,Albregt
Aldenburgh,Oldenburg
Aldrics,Aldrichs
Alen,Allen
Alles,Ellis
Alshever,Olshaver
Alstein,Aalstein
Alstyn,Aalstein
Alstyne,Aalstein
Altgeld,Altgelt
Altgeldt,Altgelt
Ameman,Amerman
Ammerman,Amerman
Anderiesse,Adrianse
Andreiszen,Andrieszen
Andries,Adrianse
Andriese,Adrianse
Andriesen,Adrianse
Andriesse,Adrianse
Andriessen,Adrianse
Andriesze,Andrieszen
Andrise,Adrianse
angola,Angola
angole,Angola
Annis,Enniss
Anthon,Anthony
Anthoni,Anthony
Anthonis,Anthony
Anthonius,Anthony
anthony,Anthony
Antwerp,Antwerpen
Antwerpe,Antwerpen
Aorson,Aersen
Apple,Appel
Aquackenbos,Quackenbush
Archur,Archer
Arden,Orden
Ardse,Aertse
Arends,Arendsz
Arends Vechten,Arendsz van Vechten
Arents,Aertszen
Arentse,Arendsz
Arents Toers,Arentsen Tours
Arents Toers ym,Arentse Toers
Arentszen,Aertszen
Aresun,Aersen
Ariaens,Ariens
Ariaense,Ariens
Ariaensen Sip,Ariaens Sips
Ariaense Sip,Ariaens Sips
Ariaense Sips,Ariaens Sips
Ariaentszen,Aertszen
Ariens Sips,Ariaens Sips
Ariens w,Ariens
Arisen,Ariens
Ariszen,Aersen
Arken,Aken
Arland,Aarlant
Armstrang,Armstrong
Arnam,Arnhem
Arnem,Arnhem
Arnum,Arnhem
Arse,Aersen
Arsen,Aersen
Arsse,Aertse
Artse,Aertse
Aschfield,Ashfield
Astin,Asten
Atfield,Hatfield
Auken,Aken
Aukerz van N,Aukez van Nuys
Aukes van Nuys,Aukez van Nuys
Aukesz,Aukes
Aukesz van Nuys,Aukez van Nuys
Aukez,Aukes
Austin,Asten
Axceen,Eckeson
Axeen,Eckeson
Baart,Bratt
Backerus,Backer
Baelden,Baldwin
Baelly,Bailey
Baertly,Bartley
Baesly,Beasely
Bakker,Bekker
Bakkes,Backus
Balck,Blagge
Baldewin,Baldwin
Baldewyn,Baldwin
Bancke,Bancken
Bancker,Banker
Banckert,Bancken
Band,Bandt
Bankert,Banker
Bant,Bandt
Bante,Bandt
Barcolo,Barculo
Barendsz,Barends
Barendsz Vander Wyk,Barentsz van der Wyck
Barendz,Barends
Barendz van Driest,Barendsz van Driest
Barents,Barends
Barentse,Barents
Barentsz,Barends
Barentsze,Barentzen
Barentszen,Barentzen
Barentze,Barentzen
Bargan,Bergen
Barheid,Barheit
Barkeyt,Barkeyd
Barkhoff,Berkhoff
Barkley,Barclay
Barkulo,Barculo
Baroway,Baraway
Barre,Berry
Barteljoen,Bartelszen
Bartels,Bartelszen
Bartlet,Bartley
Bartlett,Bartley
Bartlie,Bartley
Bartly,Bartley
Bartolf,Bartholf
Baselie,Beasely
Basing,Bussing
Bastiaens,Bastiaenszen
Bastiaensz,Bastiaenszen
Bastjaensse,Bastiaense
Bastyaenze,Bastiaense
Becker,Bekker
Beckman,Beekman
Becoren,Becaren
Bedlo,Bedlow
Bedloo,Bedlow
Beebe,Bebee
Beeckman,Beekman
Beelie,Bailey
Beely,Bailey
Beermans,Beerman
Beerop,Bearup
Beeselie,Beasely
Beesely,Beasely
Beeslie,Beasely
Beesly,Beasely
Beever,Bever
Begardus,Bogardus
Bekkers,Bikker
Bel,Bell
Beljee,Bailey
bell,Bell
Belly,Bailey
Belyee,Bailey
Bemper,Bomper
Bennewee,Bennewe
Bennum,Bennem
Benschoote,Benschooten
Benschote,Benschooten
Benschoten,Benschooten
Bensin,Bensen
Benson,Bensen
Benthuisen,Benthuysen
Benthuyse,Benthuysen
Benthuyzen,Benthuysen
Beortsele,Burtsell
Berck,Burck
Berg,Berger
Berge,Berger
Berk,Burck
Berkley,Barclay
Berkly,Barclay
Bernie,Brown
Berrenger,Berringer
Berrie,Berry
Bertollof,Bertolf
Besaph,Bishop
Besele,Beasely
Beselie,Beasely
Beslay,Beasely
Beuly,Bailey
Beuren,Buren
Bevens,Bevins
Bever,Beaver
Bevois,Beauvois
Bevoise,Beauvois
Bevoys,Beauvois
Beyard,Bayard
Beyardt,Bayard
Bickers,Bicker
Bikkers,Bikker
Bilyee,Bailey
Bingou,Bejonge
Birtsell,Burtsell
Biscops,Biscop
Bissoph,Bishop
Blaauw,Blauw
Blaaw,Blauw
Black,Blagge
Blaeck,Blagge
Blagg,Blagge
Blain,Blaine
Blake,Blagge
Blancq,Blanck
Blank,Blanck
Blarcum,Blerkom
Blaricum,Blerkom
Blarikum,Blerkom
Blauveld,Blauvelt
Blaw,Blauw
Blawvelt,Blauvelt
Bleam,Bloom
Bleek,Blagge
Bleeker,Bleecker
Bleker,Bleecker
Blekledge,Blakledge
Bleklidge,Blakledge
Blerkum,Blerkom
Blinckerhoff,Blinkerhoff
Blinkerhof,Blinkerhoff
Bloedtgoedt,Bloodgood
Bloedtgoet,Bloodgood
Bloetgoet,Bloodgood
Blom,Bloom
Bloomendal,Bloomendale
Blyker,Bleecker
Bockhout,Boeckhout
Bocque,Bocke
Boechout,Boeckhout
Boeck,Bocke
Boecke,Bocke
Boeckholt,Boeckhout
Boeckhoud,Boeckhout
Boeis,Boys
Boej,Boys
Boejs,Boys
Boekenhove,Boekenhoven
Boekholt,Boeckhout
Boekhout,Boeckhout
Boekhouwt,Boeckhout
Boekhoven,Boekenhoven
Boes,Boys
Boey,Boys
Boeys,Boys
Bogaard,Bogert
Bogaart,Bogert
Bogaerd,Bogert
Bogaerts,Bogart
Bogard,Bogaert
Bogardt,Bogert
Bogart,Bogaert
Bogerd,Bogert
Bokee,Boke
Bokkeljoen,Bockeljon
Bolie,Bailey
Bolye,Bailey
Bolyee,Bolye
Bomen,Boman
Bommel,Bommell
Bommele,Bommell
Bommelen,Bommell
Bomnel,Bommell
Bonet,Bondt
Bonschote,Benschooten
Bont,Bondt
Boogaert,Bogert
Boogart,Bogert
Boogert,Bogert
Boomgart,Boomgard
Booys,Boys
Borculo,Barculo
Borgers,Borger
Borgert,Borger
Bork,Burck
Borkulo,Barculo
Borresh,Borres
Borsem,Borsum
Borsies,Borsie
Bosboom,Borsboom
Bos,Boos
Boskerk,Buskirk
Bossem,Bosum
Bossen,Bosum
Bossing,Bussing
Bossum,Bosum
Boukenhoven,Boekenhoven
Boulje,Beljee
Bouman,Boman
Bourdwzat,Borduzat
Bourghell,Bourghel
Bovie,Beauvois
Bovy,Bovie
Boyce,Buys
Boys,Bois
Braasjer,Brasjer
Braatt,Bratt
Bracham,Bragham
Brachem,Bragham
Bradjor,Bradejor
Bradt,Bratt
Braedjor,Bradejor
Braesier,Braisier
Braesjer,Brasjer
Braisjer,Braisier
Braizer,Braisier
Braizier,Braisier
Brakel,Brackel
brakel,Brakel
Brandauw,Brandow
Brand,Brandt
Brando,Brandow
brando,Brandow
Brandouw,Brandow
Brant,Brandt
Braser,Braisier
Brasher,Braisier
Brasier,Braisier
Brasjer,Braisier
Brasser,Braisier
Brat,Bratt
Brazier,Braisier
Breedstede,Brestede
Breedstee,Brestede
Breesjer,Braisier
Breeste,Brestede
Breestede,Brestede
Breevoort,Brevoort
Breevort,Brevoort
Breser,Braisier
Bresier,Braisier
Brestee,Brestede
Bresteed,Brestede
Bresteede,Brestede
Brestreed,Brestede
Bret,Bratt
Bretine,Bertine
Breuwerton,Brewerton
Brevoord,Brevoort
Brevoordt,Brevoort
Brevort,Brevoort
Brewenton,Brewerton
Breyser,Braisier
Brezier,Braisier
Brikerhoff,Brinkerhof
Brinckerhof,Brinkerhof
Brinckerhoff,Brinkerhof
Brink,Brinck
Brinkerhoff,Blinkerhoff
Britt,Bratt
Britten,Britton
Broadids,Broadeds
Brochael,Brakel
Brochold,Brockholst
Brockholt,Brockholst
Broeckholt,Brockholst
broek,Broek
Broeks,Brooks
Broenck,Bronck
Broer,Brouwer
Broick,Broek
Brokholst,Brockholst
Bronk,Bronck
Brookz,Brooks
Brosboom,Borsboom
Brouer,Brouwer
Broun,Brown
Broune,Brown
Brouwers,Browers
Brovoort,Brevoort
Brower,Brouwer
Browers w,Browers
Bruein,Brown
Bruin,Brown
Brunoosz,Brunoos
Brure,Brouwer
Bruschenham,Brosinaham
Bruwenton,Brewerton
Bruwerton,Brewerton
Bruyn,Brown
Bruynszens,Bruynse
Buckhout,Boeckhout
Bueis,Buys
Bueren,Buren
Buies,Buys
Buis,Buys
Bulock,Bullock
Bulsin,Bulsing
Bulzing,Bulsing
Bunschoote,Benschooten
Bunschote,Bunschoote
Bunschoten,Benschooten
Bunsen,Bensen
Burger,Berger
Burssem,Borsum
Burssom,Borsum
Bush,Bosch
Buuren,Buren
Buyce,Boys
Buys,Boys
Buyse,Buys
Buytenhuys,Benthuysen
Buytenhuysen,Benthuysen
Bycaren,Becaren
Byce,Buys
Byvanck,Byvank
Cadwise,Codwyse
Calder,Kelder
Callaer,Cuyler
Callens,Collins
Callerd,Collard
Cambel,Campbell
Camble,Campbell
Cammegaer,Kammegaar
Cammeger,Kammegaar
Cammel,Kimmel
Canckele,Canckle
Canckelie,Canckle
Canckely,Canckle
Cancklee,Canckle
Cancklen,Canckle
Cancklie,Canckle
Cancklin,Canklin
Cancklingh,Canckle
Canckly,Canckle
Canclie,Canckle
Cancly,Canckle
Canine,Conyn
Cankele,Canckle
Cankelie,Canckle
Cankelin,Canklin
Cankely,Canckle
Cankle,Canckle
Canklen,Canckle
Cankling,Canklin
Canklingh,Canckle
Cankly,Canckle
Carmuwel,Cromwell
Carnell,Carnel
Carspelszen,Carelszen
Carsteng,Carstang
Carsting,Carstang
Cartenius,Curtenius
Cas,Cass
Casjou,Cousje
Caspertz,Casparsz
Casseday,Cassidy
Cassedy,Cassidy
Caston,Castan
Cavalier,Chevalier
Cavaljer,Chevalier
Cavelier,Chevalier
Caverlie,Chevalier
Caverly,Caverley
Cedoer,Sadoor
Cees,Syse
Cenneff,Cennieff
Cenniff,Cennieff
Cennif,Kenniff
Cerson,Corsen
Chahaan,Shahaan
Chandlar,Chandler
Chardavoyn,Chardavoine
Chardavyne,Chardavoine
Chardevine,Chardavoine
Chardevoin,Chardavoine
Chardevoyn,Chardavoine
Chardevyn,Chardavoine
Chardovein,Chardavoine
Chardovin,Chardavoine
Chardovine,Chardavoine
Chardovoine,Chardavoine
Chardovoyne,Chardavoine
Chardovyn,Chardavoine
Chardovyne,Chardavoine
Charstenszen,Carstenszen
Charter,Carter
Chavalier,Chevalier
Chavallier,Chevalier
Chavelier,Chevalier
Chorssen,Corsen
Chrancheyt,Krankheit
Christainse,Christiansen
Christianse,Christiansen
Christiansz,Chrisstianz
Christianz,Chrisstianz
Christi,Christie
Christoffel Schars,Christofel Schars
Christoffelsz Schars,Christofel Schars
Chrystianz,Chrisstianz
Chusouw,Cussouw
Chussouw,Cussouw
Cise,Syse
Cittle,Kittel
Claassen,Claesz
Claas Wykoff,Claas Wykoff
Claasz,Clasz
Claasz Wyckoff,Claas Wykoff
Claasz Wykof,Claas Wykoff
Claerckson,Clarkson
Claes,Claese
Claese Braack,Claesen Braack
Claesen,Claese
Claesz,Claese
Claeszen,Claesz
Clarck,Clark
Clarckson,Clarkson
Clarke,Clark
Clasen,Claesz
Clason,Claesz
Clas Wykof,Claas Wykoff
Clasz,Claesz
Clasz Wyckof,Claas Wykoff
Clasz Wykof,Claas Wykoff
Clauw,Kohl
Clawson,Claesz
Clearkson,Clarkson
Cleef,Kleef
Cleen,Cleyn
Cleff,Kleef
Clements,Clement
Clerck,Clark
Clerk,Clark
Clerq,Clark
Cleyft,Cleeft
Clindenning,Clendenning
Cloet,Cluet
Cloppers,Clopper
Clout,Cluet
Clute,Cluet
Clyft,Cleeft
Clykman,Glickman
Cock,Cook
Cocks,Cox
Coddebek,Cuddebeck
Codebek,Cuddebeck
Codwise,Codwyse
Codwys,Codwyse
Coeck,Koeck
Coecks,Cox
Coejemans,Coeyemans
Coek,Koeck
Coel,Kool
Coely,Coley
Coeper,Cooper
Coerten,Courten
Coevers,Coevert
Coeverts,Coevert
Coeyeman,Coeyemans
Coks,Cox
Cole,Kohl
Coleyn,Cleyn
Colgrove,Colegrove
Collens,Collins
Collerd,Collard
Collyer,Cuyler
Colvil,Colville
Colvill,Colville
Colyer,Cuyler
Comes,Combs
Comford,Comfert
Concklin,Canklin
Coneyn,Conyn
Conigham,Cunningham
Coninck,Konig
Conine,Conyn
Coningham,Cunningham
Coningk,Konig
Coning,Konig
Conink,Konig
Conklin,Canklin
Conner,Connor
Conningham,Cunningham
Consales,Gonsales
Consiely,Conselje
Contine,Cantine
Conÿn,Conyn
Cooglar,Coegelaar
Coolgroev,Colegrove
Coolgroof,Colegrove
Coolgrove,Colegrove
Cool,Kool
Coopper,Cooper
Copland,Copeland
Corel,Corell
Corenwell,Cromwell
Cornel,Cornell
Cornele,Cornelisz
Cornelis Boogard,Cornelis Boomgart
Cornelis Boomgard,Cornelis Boomgart
Cornelis,Cornelisz
Cornelise,Cornelisz
Cornelisen Vreelant,Cornelise Vreland
Cornelise Vreland,Cornelise Vreland
Cornelison,Cornelisz
Cornelisse,Cornelisz
Cornelissen,Cornelisz
Cornelissen Luyster,Cornelisz Luyster
Cornelissen Vreeland,Cornelise Vreland
Cornelis Vreelant,Cornelise Vreland
Cornelis Vreland,Cornelise Vreland
Cornelisz Buys,Cornelis Buys
Corneliszen,Cornelisz
Corneliz,Cornelisz
Cornell,Cornelisz
Cornels,Cornelisz
Cornelusse,Cornelisz
Corolius,Crollius
Correl,Corell
Corselius,Corcelius
Corsens,Corsen
Corssen,Corsen
Corssens,Corsen
Corteljou,Cortelyou
Cortelyau,Cortelyou
Cortlandt,Cortland
Cortlant,Cortland
Cortrecht,Kortrecht
Cortreght,Kortrecht
Cortregt,Kortrecht
Corzen Vroom,Corsz Vroom
Corzine,Cosine
Cosaart,Cousart
Coster,Koster
Cosynszen,Cozynszen
Cottenton,Caddinton
Couenhoven,Couwenhoven
Couless,Coules
Courtland,Cortland
Courtlant,Cortland
Couvors,Coevert
Couwenhove,Couwenhoven
Couzyne,Couzyn
Covenhoven,Couwenhoven
Covert,Coevert
Cowenhoven,Covenhoven
Cowenhover,Covenhoven
Cowernhoven,Covenhoven
Coxs,Cox
Cozynszen,Cozyns
Craen,Crane
Crancheyt,Krankheit
Cranchydt,Krankheit
Cranckheit,Krankheit
Cranckhet,Krankheit
Cranckheyt,Krankheit
Cranck,Krank
Crankheit,Krankheit
Crankheyt,Krankheit
Crankhz,Krankheit
Crank,Krank
Cregier,Krieger
Crencheyt,Krankheit
Crieger,Krieger
Crigier,Krieger
Croezen,Corsen
Crolius,Crollius
Cromlyn,Cromline
Crommelin,Cromline
Crommer,Krommer
Cromwel,Cromwell
Cropse,Crosper
Crosseron,Corsen
Crousne,Crounse
Crousson,Corsen
Cruger,Kroeger
Crygier,Krieger
Cuiper,Cuyper
Cuipper,Cuyper
Cunnigham,Cunningham
Cunnningham,Cunningham
Cupper,Cuyper
Curcelius,Corcelius
Curson,Corsen
Cuttebeck,Cuddebeck
Cuttenbeck,Cuddebeck
Cuypers,Cuyper
Cyfer,Ceyfer
Daely,Daley
Dalamatar,De La Mater
Dalamater,De La Mater
Dalameter,De La Mater
Daland,Deland
Dalson,Dalsen
Damen,Du mon
Danels,Daniels
Daniel,Daniels
Danielse,Daniels
Danielsz,Daniels
Danielszen,Daniels
Danielz,Daniels
Danilez,Daniels
Dankheit,Krankheit
Dannals,Daniels
Danniels,Daniels
Dannils,Daniels
Darkens,Derkens
Darkins,Derkens
Dauw,Douw
Davenpoort,Davenport
Davets,Davids
Davetse,Davids
Davidse,Davids
Davidsen,Davids
Davidsse,Davids
Davidssen,Davids
Davidsz,Davids
Davidts,Davids
Davidz,Davids
Davidze,Davids
Davidzen,Davids
Davies,Davis
Davinpoort,Davenport
Davise,Davis
Davits,Davids
Davitse,Davids
Davy,Davie
Dayer,Dyer
Dayis,Davis
Dayley,Daley
Dealy,Daley
DeBeauvois,Beauvois
Debevois,De Bevoise
De Bevoise,Bevoise
DeBevoise,De Bevoise
Debois,Dubois
Deckeer,Decker
Deckker,Decker
Dederick,Diederich
Dedericks,Dirckse
Deeker,Decker
Deenemarken,Denmark
Deenmark,Denmark
Deenmarke,Denmark
Deforeest,Foreest
DeGroot,de Groot
de Hart,De Hart
Deker,Decker
Dekkeer,Decker
Dekker,Decker
Dekkr,Deeker
Delamater,De La Mater
de La Mater,De La Mater
de Lameeter,De La Mater
Delameter,De La Mater
de Lameter,De La Mater
De La Metre,La Metre
Delamont,Dellemont
de Lanoy,de La noy
Delemeter,De La Mater
Delenooy,de La noy
Delmont,Dellemont
DeMare,de Mar
de Mare,de Mar
Demare,Demarest
de Maree,de Mar
Demarre,de Mar
de Marre,de Mar
De Marre,de Mar
Demon,Du mon
Demorest,Demarest
Demot,de Mott
de Mot,de Mott
Denberg,den Bergh
Denbergh,den Bergh
denbergh,den Bergh
den bergh,den Bergh
Denel,Daniels
Denemark,Denmark
Denemarken,Denmark
Denis,Denys
Dennemark,Denmark
Dennemarks,Denmark
Dennil,Daniels
Denyce,Denys
Denyse,Denys
Deper,Dupree
de Peu,de Puw
de Peuw,de Puw
Depew,de Pue
Depeyster,Peyster
de Piu,de Puw
de Piuw,de Puw
Depue,Depuy
de Puw,de Pue
De Puw,de Puw
de Rapalje,De Rapalie
de Rapelie,De Rapalie
Deravier,de Revier
de Ravier,de Revier
Derbeck,Derbeek
Derckens,Derkens
Derevere,de Revier
Derevier,de Revier
De Revier,de Revier
Derievier,de Revier
de Rivier,de Revier
Derje,Durye
derVeer,der Veer
der Veer,Van der Veer
Dervere,de Revier
DerVoort,Der Voort
derVoort,Der Voort
Derye,Durye
Deryee,Durye
de Sille,De Sille
De Toict,De Toict
Deursen,Deurse
Deurssen,Deurse
Deurzen,Deurse
Deussen,Deusen
Devenpoort,Davenport
Devenport,Davenport
Devis,Davis
Devoe,De Voe
de Voe,De Voe
Devoir,Devoor
Devoort,Der Voort
Devou,De Voe
de Vouw,De Voe
Dewett,De Witt
de Widt,De Witt
de Widtt,De Witt
Dewit,De Witt
de Wit,De Witt
Dewith,De Witt
Dewitt,De Witt
de Witt,De Witt
Deyckman,Dyckman
Dey,Day
Deyes,Deys
Deyk,Dyck
Dice,Dys
Dickinson,Dickenson
Dickman,Dyckman
Didderik,Diederich
Diderick,Diderix
Didericke,Diderix
Didericks,Dirckse
Diderickse,Dirckse
Diderickx,Diderix
Didericx,Diderix
Diderik,Diederich
Diderikx,Dirckse
Didirik,Diederich
Didrickx,Dirckse
diederich,Diederich
Diederick,Diederich
Diedericks,Dirckse
Diederik,Diederich
Diederikx,Dirckse
Diederix,Diderix
Diedricks,Dirckse
Diedrikx,Dirckse
Dielend,Deland
Dien,Dean
Diepenbroeek,Diepenbroeck
Dierckse Braeck,Dirckse Braack
Dies,Dys
Dieterich,Diederich
Dietterich,Diederich
Dieven,Devin
Dikeman,Dyckman
Dikson,Dickson
Dingemans,Dingenman
Dinniston,Daniston
Dircks Braack,Dirckse Braack
Dircks,Dirckse
Dirckse Braeck,Dirckse Braack
Dircksxen,Dirckszen
Dirckx Braack,Dirckse Braack
Dirckx,Dirckse
Dircxen,Dirckszen
Dircxszen,Dirckszen
Dirksz,Dirks
Dirkx,Dirckse
Diselton,Disselton
Disoort,Ditsoort
Disseltoun,Disselton
Ditmar,Ditmarse
Ditmars,Ditmarse
Ditmarsen,Ditmarse
Ditmarsse,Ditmarse
Ditscoort,Ditsoort
Dixon,Dickson
Dobbs,Dobs
Dobsen,Dobson
Dobzon,Dobson
Doff,Duff
Dolsein,Dalsen
Dolsen,Dalsen
Donaldson,Donald
Donnelly,Donnely
Doony,Donny
Dopse,Dobs
Dopsen,Dobson
Dopson,Dobson
Dopzen,Dobson
Dorje,Durje
Dorlant,Dorland
dorner,Dorner
Douten,Deutum
Douvepach,Douvebag
Dover,Devoor
Doyman,Du mon
Drets,Drats
Drinckwater,Drinkwater
Drumbauer,Trompoor
Duboeis,Dubois
Duboeys,Dubois
Du Chesne,du Chesne
Dudloos,Diedeloos
Duerse,Deurse
Duersen,Deurse
Dufooir,Devoor
Dufoor,Devoor
Dufourt,Der Voort
Duiere,Durie
Duin,Duyn
Duiser,Duyser
Duitser,Duytser
Dumond,Du mon
Dumon,Du mon
Dumont,Du mon
Dupre,Dupree
Duprie,Dupree
Dupriee,Dupree
Dupuy,Depuy
Durburow,Durborow
Durje,Durie
Durjee,Durje
Durrie,Durie
Dursen,Deurse
Duryea,Durie
Duryee,Durie
Dusenburg,Doesenburg
Du Toict,De Toict
Du Toiet,De Toict
Dutout,Dutoiet
Dutscher,Duytser
Dutser,Duytser
Duursen,Deurse
Duurzen,Deurse
Duvoort,Der Voort
Duyckink,Duycking
Duyking,Duycking
Duykingk,Duycking
Duykink,Duycking
Duyne,Duyn
Duyscher,Duytser
Duysert,Duytser
Duythser,Duytser
Duytszen,Duytsen
Duytzer,Duytser
Duyvelandt,Duyvelant
Duyvelt,Duyvelant
dVeer,der Veer
Dwait,David
Dwiet,David
Dy,Day
Dyk,Dyck
Dyke,Dyck
Dykman,Dyckman
Dyne,Duyn
Ebberts,Ebbertse
Ebbertson,Ebbertse
Ebbertze,Ebbertse
Ebel,Abeel
Eckelaer,Eckler
Ecker,Acker
Eckersen,Eckerson
Eckesen,Eckeson
Eckesson,Eckeson
Eckins,Eagans
Eckker,Ecker
Ecklaar,Eckler
Ecklaer,Eckler
Ecklor,Eckler
Edsall,Edsal
Edwards,Edward
Edzal,Edsal
Eekelaer,Eckler
Eeklaer,Eckler
Eemett,Eemet
Eengel,Engel
Eerle,Erle
Eerrel,Erle
Eeuwits,Hewitts
Egbertse,Egbartse
Egberts,Egbartse
Egbertson,Egbersen
Egbertze,Egbartse
Eghbertse,Egbartse
Eght,Echt
Egler,Eckler
Egmont,Egmond
Eiddo,Iddo
Eikley,Oakley
Eiveren,Iveren
Ekelaer,Eckler
Ekelair,Eckler
Ekelar,Eckler
Eker,Ecker
Ekker,Ecker
Ekkerse,Eckers
Elberts,Alberts
Elbertse,Alberts
Elberts Stoothof,Elbertsz Stoothoff
Elberts Stoothoff,Elbertsz Stoothoff
Elberts Stoothof of Flushing,Elbertsz Stoothoff
Elbertszen,Albertszen
Elbertsz Stoothoff,Elbertsz Stoothoff
Elbertsz Stothof,Elbertsz Stoothoff
Elbertze,Alberts
Elbertze Stoothof,Elbertsz Stoothoff
Elbertz Stoothof,Elbertsz Stoothoff
Elbertz Stoothoff,Elbertsz Stoothoff
Eldersen,Elderse
Elderszen,Eldertszen
Elderts,Elderse
Elizen,Elson
Ellen,Allen
Ellesse,Ellessen
Ellesson,Ellessen
Ellin,Allen
Elner,Alner
Elren,Elting
Elsewaart,Elsworth
Elsewaarth,Elsworth
Elsewaerdt,Elsworth
Elsewaert,Elsworth
Elsewart,Elsworth
Elsewarth,Elsworth
Elseworth,Elsworth
Elswaart,Elsworth
Elswaerdt,Elsworth
Elswaert,Elsworth
Elswart,Elsworth
Elswarth,Elsworth
Elsword,Elsworth
Elswort,Elsworth
Elten,Elting
Eltinge,Elting
Eltings,Elting
Elzewaart,Elsworth
Elzeworth,Elsworth
Elzwarth,Elsworth
Emanuels,Emanuel
Emerich,Emmerich
Emmans,Emans
Emmitz,Emets
Emons,Emans
Emony,Emmin
Emrich,Emmerich
Emrigh,Emmerich
Enderson,Enders
Endries,Enderies
Ennens,Enniss
Ennes,Enniss
Enness,Enniss
Ennest,Enniss
Ennis,Enniss
Eoff,Oeff
Epps,Eps
eps,Eps
Erhart,Erhard
Erll,Erle
Ernst,Ernest
Errel,Erle
Erscher,Archer
Escamp,Eschamp
Escot,Escott
Esmy,Esmay
Es,Ness
Esselsteyn,Aalstein
Eston,Asten
Etsal,Edsal
Etsel,Edsal
Etteen,Etten
Ette,Etten
Ettem,Etten
Euwits,Hewitts
Evere,Ever
Everen,Iveren
Eversen,Everson
Evers,Everse
Evertse,Everse
Evertsen,Evertszen
Everts,Everse
Evertson,Evertszen
Evets,Hewitts
Evveren,Iveren
Ewitse,Hewitts
Ewits,Hewitts
Ewoutse,Hewitts
Ewouts,Hewitts
Ewoutze,Hewitts
Exceen,Eckeson
Exeen,Eckeson
Exon,Eckeson
Eyderstyn,Eydersteyn
Eykelaer,Eckler
Ezelaar,Ezelar
Ezelor,Ezelar
Faderley,Fatherly
Falckenberg,Valkenburg
Farmington,Farrington
Fatherley,Fatherly
Fauce,Fousy
Fausee,Fousy
Fause,Fousy
Fausuur,Fausur
Fedder,Vedder
Fehr,Fiero
Fell,Viele
Fenix,Phoenix
Ferbes,Forbes
Fernande,Fernando
Fetchet,Fichett
Fetherly,Fatherly
Fidet,Vidette
Fiere,Fiero
Filkins,Filkens
Filly,Viele
Fire,Fieri
Firo,Fiero
Flagg,Flag
Flaming,Fleming
Flansberg,Flansburgh
Flansburg,Flansburgh
Flensburg,Flansburgh
Flimminge,Fleming
Flimming,Fleming
Focie,Fousy
Folleman,Volleman
Fonk,Vonck
Fooreest,Foreest
Forbosch,Forbes
Forbos,Forbes
Forbusch,Forbes
Forbus,Forbes
Forbush,Forbes
Forest,Foreest
Foseur,Fosuer
Foshe,Fousy
Foshie,Fousy
Fosie,Fousy
Fosuur,Fosuer
Fougeres,Faugeres
Fousee,Fousy
Fouseer,Fosuer
Fouse,Fousy
Fouseur,Fosuer
Fousie,Fousy
Fraeligh,Freiligh
Fraligh,Freiligh
Francis,Fraunces
Francyn,Franszen
Francys,Fraunces
Fransen,Franse
Frans,Franse
Fransiske,Francisco
Fransze,Franz
Fransz,Franz
Frauncis,Fraunces
Fredenburg,Vredenburgh
Fredendall,Fredendal
Frederick,Fredericksz
Fredericks,Fredericksz
Frederik,Fredericksz
Frederikse,Fredericksz
Frederiks,Fredericksz
Frederiks w,Fredericksz
Frederiksz,Fredericksz
Frederikz,Fredericksz
Fredrick,Fredericksz
Fredrickse,Fredricksen
Fredrickse ym,Fredericksz
Fredricks ym,Fredericksz
Fredrickszen,Fredricksen
Fredrickx,Fredrikx
Fredricxen,Fredricksen
Fredrik,Fredericksz
Fredrikse,Fredericksz
Fredriksen,Fredricksen
Fredriks,Fredericksz
Fredriks Lubbertse,Frederiks Lubertse van der Kreest
Fredriks Lubertse w,Frederiks Lubbertse
Fredrikx,Fredericksz
Freeborne,Freeborn
Freeland,Vreelant
Freeligh,Freiligh
Frelig,Freiligh
Freligh,Freiligh
Freman,Freeman
Frenck,French
Freser,Fraser
Freydendal,Fredendal
Freyenmuth,Fryenmuth
Freylig,Freiligh
Freyligh,Freiligh
Frieman,Freeman
Frier,Freyer
Froeligh,Freiligh
Frydendal,Fredendal
frye,Frye
Fryenmoet,Fryenmout
Fryenmot,Fryenmout
Fryenmuth,Fryenmout
Fryer,Freyer
Frylig,Freiligh
Fryligh,Freiligh
Frynenmot,Fryenmout
Furbosch,Forbes
Furbosh,Forbes
Furbush,Forbes
Fusuer,Feusuer
Fusuur,Fosuer
Gacherie,Gashery
Gadren,Garden
Gall,Gal
Gansevort,Gansevoort
Garbrance,Gerbrantse
Garbrantse,Gerbrantse
Garbrantze,Gerbrantse
Garbrantz,Gerbrantse
Garde,Garden
Gardner,Gardenier
Gardren,Garden
Garrabrance,Gerbrantse
Garrebrants,Gerbrantse
Garretsen van Wagening,Gerretsen van Wagening
Garten,Garden
Gashere,Gashery
Gautieu,Gautier
Geiong,Geion
Gellewie,Gellewee
Gemaar,Gemar
Gemar,Gemaer
Genoeg,Konig
Gentel,Gentle
Gerardt,Gerard
Gerbrance,Gerbrantse
Gerbrands,Gerbrantse
Gerbranse,Gerbrantse
Gerbrant,Gerbrantse
Gerbrantsen,Gerbrantse
Gerbrants,Gerbrantse
Gerbrantszen,Gerbrantse
Gerbrantze,Gerbrantse
Gerbrantz,Gerbrantse
Gerdanier,Gardenier
Geritse,Gerritse
Geritsz van Couwenhoven,Gerrits van Cowenhoven
Germaer,Gemaer
Germar,Gemaer
Germer,Kermer
Gerrebrand,Gerbrantse
Gerrebrands,Gerbrantse
Gerrebrantsen,Gerbrantse
Gerretse,Gerritse
Gerretsen van Wagenen,Gerretsen van Wagening
Gerretsen ym,Gerritse
Gerrets,Gerritse
Gerretson,Gerritse
Gerridsen,Gerritse
Gerrise,Gerrese
Gerritese,Gerritse
Gerrit,Gerritse
Gerritsen,Gerritse
Gerritsen van Wagenen,Gerretsen van Wagening
Gerritsen ym,Gerritse
Gerrits,Gerritse
Gerritson,Gerritse
Gerrits van Cowenhoven,Gerrits van Cowenhoven
Gerritsz Dorland,Gerrits Dorlant
Gerritsze,Gerritse
Gerritszen,Gerritse
Gerritsz,Gerritse
Gerritsz van Cowenhoven,Gerrits van Cowenhoven
Gerritze,Gerritse
Gerritz,Gerritse
Gerritz van Cowenhoven,Gerrits van Cowenhoven
Gerrtiz,Gerritse
Gertsen,Gerritse
Geryason,Gersen
Gibs,Gibbs
Gilberd,Gilbert
Gilber,Gilbert
Gilberts,Gilbert
Gilliamsz,Guilliamsz
Gilliaumsz,Guilliamsz
Gillisen,Gillis
Gillisz,Gillis
Ginkens,Jenkins
Gisbertse Bogart,Gisbertsz Bogart
Gisbertsz Bogard,Gisbertsz Bogart
Gisbertz Bogart,Gisbertsz Bogart
Gisbrechts,Gysbrechts
Glekyman,Glickman
Glenn,Glen
Godwyn,Godwin
Goedbloedt,Bloodgood
Goedtbloedt,Bloodgood
Goetchius,Goetschius
Goetchus,Goetschius
Goetje,Gautje
Goetshius,Goetschius
Gorden,Garden
Graed,Gradt
Graet,Gradt
Grange,La Grange
Gravenstin,Gravenstien
Gravenstyn,Gravenstien
Gravestien,Gravenstien
Greatman,Grootman
Grevenraed,Grevenraet
Grevenraedt,Grevenraet
Grigs,Griggs
Grines,Grimes
Groenendyk,Groenendyck
Groom,Groem
Guiliams,Guilliamsz
Guiliamsz,Guilliamsz
Guion,Geion
Gulic,Gulik
Gulick,Gulik
Gutschius,Goetschius
Gybertszen,Gysbertsz
Gysbers,Geysbers
Gysbert,Gysbertsz
Gysbertszen,Gysbertsz
Gysbertz,Gysbertsz
Gysbrecht,Gysbrechts
Gysbrechtsz Bogart,Gisbertsz Bogart
Gysbrechtz,Gysbrechts
Gyseling,Gysling
Haal,Hall
Hachenbagh,Achenbagh
Hackenbagh,Achenbagh
Hadvelt,Hatfield
Hael,Hall
Haering,Herring
Haf,Haff
Hagadorn,Hagedorn
Hageman,Hegeman
Hagenbagh,Achenbagh
Hagensbagh,Augensbagh
Hain,Heene
Haldrin,Haldring
Halenbeck,Hallenbeck
Halenbeek,Hallenbeck
Hallenbake,Hallenbeck
Hallenbeek,Hallenbeck
Halst,Holst
Hamel,Hammel
Hamelle,Hammel
Hamelton,Hamilton
Ham,Hamm
Hammerslaigh,Hamerslaagh
Hammon,Haiman
Hane,Heene
Hanion,Hennion
Hannse,Hanse
Hans Bergen,Hans Bergen
Hanse Bergen,Hans Bergen
Hansen,Hanse
Hanssen,Hanse
Hansz Bergen,Hans Bergen
Hanz,Hansz
Hardenberg,Hardenbroek
Hardenbraek,Hardenbroek
Hardenbrock,Hardenbroek
Hardenbroeck,Hardenbroek
Hardenbrook,Hardenbroek
Hardman,Hartman
Harenkaspel,Harencaspel
hariette,Hariette
Haring,Herring
Harmans,Harmanse
Harmense,Harmanse
Harmenszen,Hermanszen
Harmensz,Harmanse
Harmneszen,Hermanszen
Harmz,Harmsz
Harn,Horne
Harpin,Harpen
harreitte,Hariette
harriette,Hariette
Harrison,Harris
Harritt,Harrit
Harsin,Harsing
Harssing,Harsing
Hartmansen Vreelant,Harmanssen Vreelant
Hartmanse Vreelant,Harmanssen Vreelant
Hartmanse Vrelant,Harmanssen Vreelant
Hartmans,Hertmans
Hartmans Vreelant,Harmanssen Vreelant
Hartmans Vrelant,Harmanssen Vreelant
Hartman Vrelant,Harmanssen Vreelant
Haruenbroek,Hardenbroek
Harve,Harvey
Harvy,Harvey
Hassin,Hassing
Havenaar,Haevenaer
Hayman,Haiman
Hearing,Herring
Heemstraat,Hemstreet
Heen,Heene
Heermance,Harmanse
Heerman,Harmanse
Heermanse,Harmanse
Heermans,Harmanse
Heerrmanse,Harmanse
Heetvelt,Hatfield
Hegaman,Hegeman
Hegemans,Hegeman
Heilhaaken,Hellaken
Heilker,Hileker
Heinige,Hennigen
Heininge,Hennigen
Hek,Heck
Heleker,Helker
Helhakers,Helhake
Hellaecken,Hellaken
Hellakens,Hellaken
Helleken,Hellaken
Helleker,Helker
Helmertz,Helmerz
Helmigh,Helmigs
Helmighse,Helmigs
Helmighsen,Helmighsen van Houten
Helmigsen,Helmigs
Helmigsen van Houten,Helmegsen van Houten
Hemen,Hemmen
Hemmen,Haiman
Hemmon,Hemmen
Hemmstreet,Hemstreet
Hemsstreet,Hemstreet
Henderikse,Henderickse
Henderiksen,Henderickse
Henderiks,Henderickse
Hendrick,Henderickse
Hendrickse,Henderickse
Hendricksen,Henderickse
Hendricks,Henderickse
Hendrickson,Henderickse
Hendrickssen,Henderickse
Hendricks van Nes,Hendriks van Ness
Hendrickszen,Henderickse
Hendricksz,Henderickse
Hendrickxen,Henderickse
Hendrickze,Henderickse
Hendrickzen,Henderickse
Hendricson,Henderickse
Hendricszen,Henderickse
Hendricxen,Henderickse
Hendricx,Henderickse
Hendrikse,Henderickse
Hendrikse Lent,Henderickse
Hendriksen,Henderickse
Hendriks,Henderickse
Hendrikson,Henderickse
Hendriksz,Henderickse
Hendrikz,Henderickse
Hendrix,Henderickse
Heningen,Hennigen
Hennejon,Hennion
Henneon,Hennion
Henneyon,Hennion
Hennio,Hennion
Hercksxen,Herckszen
Herckxen,Hercxen
Herding,Harding
Hering,Herring
Hermanse,Harmanse
Hermans,Harmanse
Hermansz,Hermanszen
Hermanze,Harmanse
Hermanzen,Harmanse
Hermense,Harmanse
Hermens,Harmanse
Herrickse Krankhz,Herrikze Krankheit
Herrickzen Krankeyt,Herrikze Krankheit
Herrikze,Herrickze
Herrikze Krankheyt,Herrikze Krankheit
Herris,Harris
Herrison,Harris
Hertell,Hertel
Hertfort,Hartfort
Hertmanse Vreelant,Hartmansen Vreeland
Hertsberge,Hartsberge
Hertvelt,Hartvelt
Hervay,Harvey
Herve,Harvey
Heslin,Hesling
Hessling,Hesling
Hetfield,Hatfield
Heusen,Hussen
Heusson,Heuson
Hewlet,Hewlett
Heyart,Heyert
Heydt,Heyight
Heyet,Heyedt
Heyjert,Heyert
Heylhaaken,Hellaken
Heyman,Haiman
Heynen,Hennion
Heyninge,Hennigen
Heyningen,Hennigen
Heyning,Hennigen
Hick,Heck
Hieleker,Hileker
Hielker,Hileker
Hielleker,Hileker
Hiescock,Hiscock
Hildenbrant,Hildebrant
Hileker,Helker
Hiliker,Hileker
Hilker,Hileker
Hilleker,Hileker
Hilman,Hilleman
Hilten,Hilton
Him,Heene
Hiscok,Hiscock
Hiskcock,Hiscock
Hiskoc,Hiscock
Hiskock,Hiscock
Hissen,Hughson
Hitviel,Hetviel
Hiussen,Hughson
Hoagland,Hoogland
Hoaglant,Hoogland
Hobberd,Hubbard
Hobbert,Hubbard
Hobert,Hubbard
Hoeff,Hoef
Hoeve,Hoef
Hoeverin,Hoever
Hoev,Hoef
Hoff,Haff
Hofman,Hoffman
Hofmayer,Hoffmayer
Hogeland,Hoogland
Hogenkamp,Hogencamp
Hogteeling,Hooghteeling
Holaway,Hollaway
Holenbake,Hallenbeck
Hollaerdt,Hollard
Hollaert,Hollard
Hollart,Hollard
Hollowe,Hollaway
Homes,Holmes
Hommel,Hummel
Homs,Holmes
honneur,Honneur
Hoogeland,Hoogland
Hoogelandt,Hoogland
Hooghdeylen,Hooghteeling
Hooghland,Hoogland
Hooghteelingh,Hooghteeling
Hooghteiling,Hooghteeling
Hooghtelingh,Hooghteeling
Hooghteling,Hooghteeling
Hooghtyling,Hooghteeling
Hooglandt,Hoogland
Hooglant,Hoogland
Hoogteeling,Hooghteeling
Hoogteelink,Hooghteeling
Hoogteling,Hooghteeling
Hooms,Holmes
Hooper,Hopper
Hoorbeeck,Hornbeck
Hoorenbeek,Hornbeck
Hooren,Horne
Hoornbeck,Hornbeck
Hoornbeeck,Hornbeck
Hoornbeek,Hornbeck
Hoorne,Horne
Hoorn,Horne
Hoorrenbeeck,Hornbeck
Hootnbeeck,Hornbeck
Hop,Hoppe
Hoppole,Hoopel
Hoppol,Hoopel
Horenbeek,Hornbeck
Horenbek,Hornbeck
Horliger,Haerlager
Horn,Horne
Hoszy,Hous
Hotaling,Hooghteeling
Houwer,Houwerd
Hoven,Hoeven
Hubard,Hubbard
Hubbert,Hubbard
Huck,Huyck
Hugenen,Hugener
Huisman,Huysman
Huissen,Hughson
Hulst,Holst
Huson,Hughson
Hussen,Hughson
Husson,Huson
Huussen,Hussen
Huwits,Hewitts
Huybertsz,Huybertszen
Huysen,Hoesen
Huys,Hous
Hyescok,Hiscock
Hylker,Helker
Hylleker,Helker
Hyn,Heyn
Ido,Iddo
imrich,Emmerich
Innewege,Inwegen
Isaackszen,Isaacszen
Isaacxen,Isaacszen
Jacobise,Jacobs
Jacobse,Jacobs
Jacobsen,Jacobs
Jacobsen van Winckel,Jacobsen van Winkel
Jacobse van der Grift,Jacobs van der Griest w
Jacobson,Jacobs
Jacobszen,Jacobs
Jacobsz,Jacobs
Jacobsz van der Myen,Jacobs van der Meyen
Jacobuse,Jacobs
Jacobus,Jacobs
Jacobze,Jacobs
Jacobz,Jacobs
Jaksen,Jackson
Jakson,Jackson
Jamison,Jameson
Jamisson,Jameson
Jange,Jonge
Janse Berrian,Janse Berrien
Janse,Jansen
Jansen Berrien,Janse Berrien
Jansen Hooglandt,Jansz Hoogland
Jansen van Deventer,Janse Van de Venter
Janse van de Bilt,Jansz van der Bild
Janse Vande Venter,Janse Van de Venter
Janse van Dyk,Jansz van Dyk
Jans,Jansz
Jansn,Jansen
Janson,Jansen
Jansse,Jansen
Janssen,Jansen
Jans van Dyk,Jansz van Dyk
Jans w,Jansz
Jansz Berrien,Janse Berrien
Jansz Coevors,Jansz Covers
Jansz Couvers,Jansz Covers
Jansze,Janszen
Jansze Veerman,Jansen Veerman
Jansz Romein,Jans Romein
Jansz Romeyn,Jans Romein
Jansz van derbilt,Jansz van der Bild
Jansz van der Veer,Jans van de Veer
Jansz van Dyck,Jansz van Dyk
Jansz van Nuys,Jansen van Nuys
Jansz van Pelt,Jans van Pelt
Jansz Zutphen,Jansz Sutphin
Jeams,James
Jeamszen,Jameson
Jeffres,Jeffers
Jeffris,Jeffers
Jemszen,Jameson
Jeraleman,Jeroleman
Jeralemon,Jeroleman
Jeralleman,Jeroleman
Jervis,Jarvis
Jeuriaensz,Jeuriaenszen
Jilliszen,Jilleszen
Joachimse,Joachimze
Johanisen Vreeland,Johanisen Vreeland
Johannessen Vreeland,Johanisen Vreeland
Johannisen Vreelant,Johanisen Vreeland
Johannis,Johannes
Johannissen Vreelant,Johanisen Vreeland
Johannisse Vreelant,Johanisen Vreeland
Johns,Johnson
Jonasz Gerritsen,Jonasz Gerritse
Jonck,Jong
Jongbloet,Jongbloedt
Jongh,Jong
Jonkeers,Jonkers
Jonker,Joncker
Jonkins,Jenkins
Jonk,Jong
Jonss,Jons
Joons,Jons
Joosten,Jooste
Joost,Jooste
Jordim,Jorden
Jordyn,Jorden
Joris Rapalie,Joris Rapelje
Joris Rapelje wife,Joris Rapelje
Joris Rapelje w,Joris Rapelje
Joris Rapelye,Joris Rapelje
Jorisse,Joris
Jorisz,Joris
Jorisz Rapailie,Joris Rapelje
Joriz Rapelje,Joris Rapelje
Jorkse,Jorksen
Jork,York
Juell,Juel
Jungh,Young
Jung,Young
Juraensen ym,Jurianse
Jurckes,Jurckse
Jurckszen,Jorksen
Jurcse,Jurkse
Jureaansen,Jurianse
Juriaansen,Jurianse
Juriaense,Jurianse
Juriaensen,Jurianse
Juriaens,Jurianse
Juriansen,Jurianse
Juriansen ym,Jurianse
Juriansz,Jurianse
Juriensen,Jurianse
Jurkese,Jorksen
Jurkse,Jorksen
Jurkze,Jurkse
Jurreanse,Jurianse
Jurriaens,Jurianse
Jurrianse,Jurianse
Jurriansen,Jurianse
Jurrians,Jurianse
Juwel,Juwell
Juwell,Juel
Jyls,Giles
Kadmus,Caddemus
Kaley,Cooly
Kaljer,Collier
Kalyer,Collier
Kankele,Canckle
Kankle,Canckle
Karsseboom,Karseboom
Karstang,Carstang
Karstenszen,Carstenszen
Karter,Carter
Kasper,Casper
Kass,Cass
Katharina,Katarina
Keely,Cooly
Keen,Kane
Kelder,Gelder
Kellock,Kellog
Kembel,Campbell
Kember,Kimber
Kemble,Campbell
Kemmel,Kimmel
Kemp,Camp
Kempel,Campbell
Kennich,Konig
Kennieff,Kenniff
Kennif,Kenniff
Kerker,Kroeger
Kerseboom,Karseboom
Kersten,Carsten
Kersteng,Carstang
Kersting,Carstang
Ketel,Kittel
Kettel,Kittel
Keukendal,Kuikendal
Kierse,Kiersen
Kiersted,Kierstede
Kiersteed,Kierstede
Kikendell,Kuikendal
Kimmell,Kimmel
Kinderik,Kendrik
Kindrick,Kendrik
Kindrik,Kendrik
King,Konig
Kip,Kipp
Kirffens,Griffens
Kittle,Kittel
Kitttel,Kittel
Klaas,Claesz
Klaas Wykof,Claas Wykoff
Klaas Wykof w,Claas Wykoff
Klaasz,Claese
Klaesz,Claesz
Klasz,Claese
Klawsz,Claesz
Klein,Kleyn
Kleyn,Cleyn
Kleyndini,Klyndinney
Kleyndinni,Klyndinney
Klitz,Clitz
Klopper,Clopper
Klyndini,Klyndinney
Knikkebakker,Knikkerbakker
Kock,Cook
Kocx,Cox
Koddebeck,Cuddebeck
Koddebeek,Cuddebeck
Koddebek,Cuddebeck
Kodebek,Cuddebeck
Koel,Kool
Koetebek,Cuddebeck
Koettebeb,Kuttenbeck
Koettebec,Cuddebeck
Koettebeck,Cuddebeck
Koettebek,Cuddebeck
Koks,Cox
Koljer,Coljer
Kolyer,Cuyler
Koninck,Konig
Koningh,Konig
Koningk,Konig
Koning,Konig
Koolevelt,Colevelt
Kool,Kohl
Korechect,Kortrecht
Kornelis Boomgaert,Cornelis Boomgart
Korrecht,Kortrecht
Korrtrecht,Kortrecht
Korsen,Corsen
Korszen,Corszen
Kortecht,Kortrecht
Kortrcht,Kortrecht
Kortrechr,Kortrecht
Kortrect,Kortrecht
Kortregt,Kortrecht
Kortretcht,Kortrecht
Kosekrans,Rosekrans
Kotregt,Kortrecht
Kottbek,Cuddebeck
Kottebek,Cuddebeck
Kouenhoven,Couwenhoven
Kouwenhove,Couwenhoven
Kouwenhoven,Couwenhoven
Krancheyt,Krankheit
Kranckeyt,Krankheit
Kranckheit,Krankheit
Kranckheyt,Krankheit
Kranckhyt,Krankheit
Krankeyt,Krankheit
Krankheyt,Krankheit
Krankhz,Krankheit
Krankyz,Krankheit
Kregier,Krieger
Kreüssler,Kreussler
Kriger,Krieger
Krigier,Krieger
Kroes,Corsz
Krugier,Krieger
Kruyntzze,Crounse
Kruyslaar,Kreussler
Kuddebeck,Cuddebeck
Kudebeck,Cuddebeck
Kudebek,Cuddebeck
Kuikendaal,Kuikendal
Kuiper,Cuyper
Kukendal,Kuikendal
Kumpel,Campbell
Kurreh,Kurry
Kuttebeck,Cuddebeck
Kutttebeck,Cuddebeck
Kuychendal,Kuikendal
Kuyckendal,Kuikendal
Kuyendal,Kuikendal
Kuyenkendal,Kuikendal
Kuykendaal,Kuikendal
Kuykendael,Kuikendal
Kuykendak,Kuikendal
Kuykendal,Kuikendal
Kuykenddal,Kuikendal
Kuyler,Cuyler
Kuyper,Cuyper
Kwakkenbosch,Quackenbush
Kwakkenbos,Quackenbush
Kyes,Keys
Kyse,Keys
Labagh,Labach
Lachier,Lachaire
Lacock,Laycock
Lacombe,de Lacombe
Laeton,Leaton
Lafinus,Lafinnus
Lafynus,Lafinnus
Lagier,Lozier
Lagrandge,La Grange
Lagrange,La Grange
LaGrange,La Grange
Lagrangie,La Grange
Lagranse,La Grange
Lainhart,Lenhart
Lamaitre,La Metre
Laman,Leman
Lamater,La Metre
Lamberits,Lamberse
Lambers,Lamberts
Lambertse,Lamberts
Lambertsen,Lamberts
Lambertsz,Lamberse
Lambertz,Lamberts
Lambrechts,Lamberts
Lameatre,La Metre
Lameetre,La Metre
Lamen,Leman
Lametere,La Metre
Lameter,La Metre
Lametree,La Metre
Lametre,La Metre
Lam,Lamb
Lammersen,Lammerse
Lammers,Lammerse
Lammersse,Lammerse
Lammertse,Lammerse
Lammerts,Lammerse
Lammerze,Lammerse
Lamontagne,La Montagne
Lamontange,La Montagne
La Montange,La Montagne
Lamontanje,La Montagne
Lamontayne,La Montagne
Landman,Landtman
Lanehart,Lenhart
Lanen van Pelt,van Pelt
Langedyk,Langedyck
Langestraat,Langestraet
Langestraeten,Langestraet
Langestraten,Langestraet
Lang,Long
Langstraat,Langestraet
Langstraten,Langestraet
Lanmerse,Lammerse
Lansen,Lynsen
Lansinck,Lansing
Lansman,Lantsman
Lantman,Landtman
Lantsinck,Lansing
Lantsink,Lansing
Lapleine,La Pleine
Lappien,Lappen
Larens,Laurens
Larenszen,Laurens
Larenzen,Laurens
la Resiliere,La Resiliere
Larrawe,Larrewa
Larrewa,Larrawa
Larrew,Larrewa
Larrowa,Larrawa
Larwa,Larrawa
Lashly,Lesly
Lasly,Lesly
Lassher,Lozier
Lassing,Lansing
Lathem,Latham
Laurence,Laurens
Laurense,Laurens
Laurensze,Laurens
Laurenszen,Laurens
Laurents,Laurens
Laurentszen,Laurens
Laurentsz,Laurens
Laurentz,Laurens
Lauwrence,Lawrence
Lauwrens,Lawrence
Lauwrier,Laurier
Lavorsse,Louwerse
Lawerier,Laurier
Lawrens,Lawrence
Laycraft,Leacraft
Layman,Leman
Leanhart,Lenhart
Leaycraft,Leacraft
Lecraft,Leacraft
Leek,Lake
Leeman,Leman
Leenartszen,Leendertszen
Leenhaart,Lenhart
Leenhart,Lenhart
Leeuw,Leuwe
Leewen,Leeuwen
Leffers,Leffersen
Leffert,Lefferts
Lefferts,Leffersen
Legrange,La Grange
Leinhart,Lenhart
Lemant,Lament
Lemontez,Lemontes
Lemont,Lament
Lendt,Lent
Lenen,Lennen
Lenin,Lennen
Lenyn,Lennen
Leonard,Lenhart
Leonhart,Lenhart
Lepleine,La Pleine
Lequier,Lachaire
Lerens,Laurens
Leroux,Laroux
Lerrewa,Larrawa
Lesier,Lozier
Lesjer,Lozier
Leslee,Lesly
Lesscher,Lozier
Lesser,Lozier
Lessher,Lozier
Leunens,Leunen
Leuning,Laning
Leursen,Luurzen
Leurszen,Luurzen
Leuven,Leeuwen
Leuwis,Lewis
Leuw,Leuwe
Levingston,Livingston
Levinston,Livingston
Leydy,Lady
Leynssen,Lynsen
Lezier,Lozier
Lieursen,Luurzen
Lieuwis,Lewis
Lievenszen,Lievens
Liewens,Lievens
Liewes,Lewis
Liewis,Lewis
Lipinaar,Lippenar
Lippenaar,Lippenar
Lispenaar,Lispenard
Lispeonard,Lispenard
Lispinard,Lispenard
Livenston,Livingston
Liveston,Livingston
Lodewyk,Lodewyck
Lodovyckszen,Lodowyckszen
Lodovycszen,Lodowyckszen
Lodowyck,Lodewyck
Lodowycks,Lodowyckszen
Lodowycszen,Lodowyckszen
Lodt,Lott
Lodvyckszen,Lodowyckszen
Lodwyk,Lodewyck
Lofrige,Loveridge
Logyn,Logan
Londi,Lundy
Loockerman,Loockermans
Lookermans,Loockermans
Loone,Loon
Looper,Loper
Loosie,Lozier
Lorang,Loring
Lorier,Laurier
Losee,Lozier
Losey,Loyse
Losier,Lozier
Losye,Loyse
Lot,Lott
Lourence,Laurens
Lourense,Laurens
Lourens,Laurens
Louwrense,Lawrence
Louwrens,Lawrence
Loverige,Loveridge
Lowrence,Lawrence
Lubberse,Lubberts
Lubbersen,Lubberts
Lubbertse,Lubberts
Lubbertszen,Lubberts
Lubbertsz,Lubberts
Lubbertz,Lubberts
Lubertsz,Lubberts
Lucas,Lucasz
Lucaszen,Lucasz
Lucszen,Lucasz
Luickeseen,Leuksen
Luister,Leuyster
Lupardus,Lubberts
Lusher,Lozier
Luursen,Luurzen
Luurszen,Luurzen
Luurtszen,Luurzen
Luwes,Lewis
Luwis,Lewis
Luyers,Leurse
Luykesz,Lucasz
Luykez,Lucasz
Luyk,Luke
Luyster,Leuyster
Lynssen,Lynsen
Lynszen,Lynsen
Lythall,Lightall
Mabe,Mabee
Mabie,Mabee
Mabi,Mabee
Maby,Mabee
Macevers,Mcevers
Macheleyn,MacLean
Machielse,Michielse
Machielsen Vreelant,Michielse Vreelant
Mackeleyn,MacLean
Mackelvane,MacElvane
Mackentas,MacKintas
Mackinney,McKinney
Mackinny,McKinney
Mackinzie,Mckenzie
Macleen,MacLean
Macleod,Mcleod
Maddix,Maddox
Madex,Maddox
Madizen,Mattheeusen
Maebie,Mabee
Maertens,Martens
Maertlinghs,Martlings
Maesten,Maston
Magee,McGee
Magielse,Michielse
Magielse Vreelant,Michielse Vreelant
Magknight,Macknight
Magliese,Michielse
Magnight,Macknight
Maistre,Lamaistre
Maitre,Metre
Makdennel,MacDaniel
Makinney,McKinney
Makkentas,MacKintas
Makory,Mccrea
Mandevel,Mandeville
Mandeviel,Mandeville
Mandevil,Mandeville
Mangelse,Mangel
Mangelsen,Mangel
Man,Mann
Mansen,Monsen
Mansfeeld,Mansfield
Mansfeel,Mansfield
Mansfeld,Mansfield
Mansfiel,Mansfield
Mansfild,Mansfield
Mansvelt,Mansfield
Manuels,Manuel
Marcelis,Marselis
Marcelisse,Marselis
Marcelius,Marselis
Marcelus,Marselis
Marchal,Marshal
Marcle,Markel
Marcleus,Marselis
Mareets,Mareetz
Mare,Maree
Mares,Marus
Maress,Morris
Marest,Morest
Margarita,Margaret
Margen,Morgan
Maria Vervele,Maria Verveele
Marines,Marinus
marinus,Marinus
Markle,Markel
Marlschalk,Marschalk
Marre,Maree
Marris,Morris
Marrison,Mauritszen
Marschalck,Marschalk
Marschalek,Marschalk
Marschal,Marshal
Marseelus,Marselis
Marseelus ym,Marselis
Marselese,Marselis
Marselise ym,Marselis
Marselisse,Marselis
Marselissen,Marselis
Marselisze,Marselis
Marseluse,Marselis
Marselus,Marselis
Marshalk,Marschalk
Marshall,Marshal
Martelen,Marteling
Martelingh,Marteling
Martelinghs,Martlings
Martelings,Martlings
Marten,Martin
Martense,Martens
Martense Schenk,Martensz Schenk
Martensz Schenk,Marten Schenk
Martheyn,Martin
Martier,Mortier
Martine,Martin
Martinghs,Martin
Martins,Martens
Martlingh,Marteling
Martlinghs,Martlings
Martling,Martlings
Marttyn,Martin
Martyn,Martin
Mary,Maria
Mary van Giese,Maria van Giesen
Master,Maistre
Mast,Maste
Mathysen,Mattheeusen
Mathys,Mathyse
Mathysse,Mathyse
Mathyszen,Mattheeusen
Mathysz,Mathyse
Mattheeussen,Mattheeusen
Mattheuman,Mattheman
Mattheuwman,Mattheman
Matthuman,Mattheman
Matthys,Mathyse
Matthyssen,Mattheeusen
Matthyszen,Mattheeusen
Matthyzen,Mattheeusen
Mattus,Mathyse
Mattysz,Mathyse
Matyse,Mathyse
Matysse,Mathyse
Maundeviel,Mandeville
Maundevil,Mandeville
Maurits,Mauritszen
Maybe,Mabee
Mccarthy,Mccarty
Mccloud,Mcleod
McColeck,McCollock
Mcdowel,Mcdowal
Mcdowle,Mcdowal
McGie,McGee
McKenney,McKinney
McKenny,McKinney
McKie,McGee
Mckinze,Mckenzie
Mebee,Mabee
Mebie,Mabee
Mebye,Mabee
Mechane,McChane
Meckentesh,McIntosh
Meckeny,McKinney
Meddes,Mathyse
Meebi,Mabee
Meegs,Meecks
Meggelvain,MacElvane
Meginney,McKinney
Meiller,Miller
Meinders,Mynderse
Meindertsz,Mynderse
Meindertz,Myndertz
Meinderz,Myndertz
Meinne,Minne
Meirr,Meyer
Meisck,Mesick
Mekdannel,MacDaniel
Mekdannil,MacDaniel
Mekdennel,MacDaniel
Mekkentash,McIntosh
Mekkentes,MacKintas
Melar,Miller
Melderom,Mildrom
Mellar,Miller
Meller,Miller
Melsbag,Melsbagh
Melspach,Melsbagh
Menghem,Manghem
Menthorne,Minthorne
Menthorn,Minthorne
Mepele,Mepel
Mepelen,Meppelen
Mercelis,Marselis
Mercley,Markel
Merical,Markel
Merkel,Markel
Merkle,Markel
Merricle,Markel
Merselise,Marselis
Merselisen,Marselissen
Merselis,Marselis
Merse,Marse
Mersilise,Marselis
Mertin,Martin
Mertlings,Martlings
Mesch,Masch
Meseroll,Miserol
Meserol,Miserol
Mesjerol,Miserol
Meson,Mason
Messelaar,Metselaer
Messer,Mesier
Messuur,Mesier
Mesuroll,Messural
Mesuur,Mesier
Metere,Metre
Metree,Metre
Metri,Metre
Metsaler,Metselaer
Metselaaer,Metselaer
Metselaar,Metselaer
Metsker,Metzger
Metslaer,Metselaer
Metzker,Metzger
Meulenaar,Molenaar
Meyertszen,Mauritszen
Meynderts,Meyndertszen
Meyndertsz,Meyndertszen
Meynertszen,Meyndertszen
Michael,Michaels
Micheilse Vreelant,Michielse Vreelant
Michelszen,Michielszen
Michieliszen,Michielszen
Michiel,Michel
Michielsen,Michielse
Michielsen Vreelant,Michielse Vreelant
Michielse Vreeland,Michielse Vreelant
Michiels,Michielse
Michielsz,Michielse
Middach,Middagh
Middaga,Middagh
Middag,Middagh
Middah,Middagh
Migielse,Michielse
Mildt,Milt
Miltenbery,Miltenberg
Miltt,Milt
Minckler,Minckelar
Mincleer,Minckelar
Minkelaar,Minckelar
Minkelar,Minckelar
Minklaar,Minckelar
Minkler,Minckelar
Minthorn,Minthorne
Miscaer,Messekir
Misnard,Mesnard
Mitchell,Mitchel
Mitchel,Michel
Moer,Moore
Moeschier,Moescher
Moesier,Mosier
Moesser,Mosier
Molenaer,Molenaar
Mollin,Mollen
Monfoor,Monfort
Monfoort,Monfort
mon,Mon
Monson,Monsen
Montagne,La Montagne
Montange,Montanje
Montanye,La Montagne
Montayne,La Montagne
Montes,Lemontes
Montez,Montes
Montfort,Monfort
Moolenaar,Molenaar
Moor,Moore
More,Moore
Mores,Morris
Morgans,Morgan
Morphe,Murphy
Morphy,Murphy
Morrison,Morris
Morrisson,Mauritszen
Mors,Morse
Mossier,Mosier
Moulinar,Molenaar
Moul,Maul
Mowers,Mouwerse
Mular,Miller
Muler,Miller
Mullar,Miller
Muller,Miller
Musher,Moescher
Musier,Mosier
Mutlow,Matlow
M Vreelant,Vreelant
Myer,Meyer
Myndersen,Mynderson
Mynders,Mynderse
Mynderson,Mynderse
Myndertsen,Mynderson
Mynderts,Myndertz
Myndertsz,Myndertz
Naerden,Norden
Nagel,Nagle
Namburg,Namburgh
Nanning,Manning
Narris,Norris
Neefies,Nevius
Neerius,Norris
Neevius,Nevius
Neger,Negro
Neiukerk,Neukirk
Nemyer,Nemeyer
Nesen,Nyssen
Nette,Etten
Netten,Etten
Neuwkerk,Neukirk
Newkark,Neukirk
Newkerk,Neukirk
Newkirk,Neukirk
Nexen,Nixon
Nexon,Nixon
Nexsen,Nixon
Nicholls,Nicholas
Nichols,Nicholas
Nicholson,Nicolaeszen
Nicolaas,Nicholas
Nicolaes,Nicholas
Nicolas,Nicholas
Nicols,Nicholas
Nieukerk,Neukirk
Nieukerk ym,Neukirk
Nieuwegan,Niuwegen
Nieuwegen,Niuwegen
Nieuwkerke,Neukirk
Nieuwkerk,Neukirk
Niewenhuyse,Nieuwenhuysen
Niewkerk,Neukirk
Nimwegen,Niuwegen
Ninwegan,Niuwegen
Ninwegen,Inwegen
Nixen,Nixon
Nixsen,Nixon
Nixson,Nixon
Noe,Noy
Noj,Vernoi
Noordstrant,Noordstrand
Noorstrand,Noordstrand
Noorstrant,Noordstrand
Noortstrant,Noordstrand
Norwood,Narwood
Novell,Movel
Noxon,Nixon
Nuis,Nuys
Nukerk,Neukirk
Nukerk ym,Neukirk
Nuxon,Nixon
Nuyse,Nuys
N Varlet,Vreelant
Nysbert,Nesbert
Oackelie,Oakley
Oakle,Oakley
Oblinis,Oblinus
Oblinius,Oblinus
Ockelie,Oakley
Ocker,Ecker
Odle,Odel
Oetten,Etten
of Cornelis Brinkerhoff,of Cornelis Blinkerhof
of Cornelis Gerrets,of Cornelis Gerrebrantsen
of Gerbrant Claesen,of Gerbrant Claese
of Gerret Jureaansen,of Gerret Juriaansen
of Gerret Juriaensen,of Gerret Juriaansen
of Johannis Helmigsen van Houten,of Johannes Helmegsen van Houten
of Lubbert Lubbertse jr,of Lubbert Lubbertse
of Pieter Merse,of Pieter Mercelis
of Pieter Mersilise,of Pieter Mercelis
Ogdin,Ogden
Ogdon,Ogden
Okee,Ouke
Okelie,Oakley
Okey,Ouke
Oldenburgh,Oldenburg
Olfertszen,Wolfertszen
Olinde,Olinda
Olivier,Oliver
Olphertse,Olferts
Olpherts,Olferts
Olphertz,Olferts
Olsterhout,Osterhoudt
Onckelbaen,Onckelbach
Onckelbag,Onckelbach
Oncklebag,Onckelbach
Onkelbach,Onckelbach
Onkelbagh,Onckelbach
Onkelbag,Onckelbach
Oockelie,Oakley
Oodel,Odel
Ookele,Oakley
Ookile,Okelie
Ookle,Oakley
Ooothoudt,Oothoudt
Oorden,Orden
Oosten,Asten
Oosterhoud,Osterhoudt
Oosterhoudt,Osterhoudt
Oosterhout,Osterhoudt
Oostrum,Costrum
Oothoud,Oothoudt
Oothout,Oothoudt
Oothouwt,Oothoudt
Osterhoud,Osterhoudt
Osterhout,Osterhoudt
Othhoud,Oothoudt
Othoud,Oothoudt
Othoudt,Oothoudt
Ot,Ott
Otterberg,Outerberg
Oudenarde,Oudenaarde
Oukee,Ouke
Ousterhoudt,Osterhoudt
Outenbogert,Uit den Bogart
Outwater,Oudwater
Ouwderkerk,Ouderkerk
Overbach,Overbagh
Overbaght,Overbagh
Overbag,Overbagh
Overpach,Overbagh
Overpagh,Overbagh
Oxberger,Oxburgh
Oxburger,Oxburgh
Paalding,Paulding
Paelden,Palden
Paelding,Paulding
Paldinck,Paulding
Palding,Paulding
Pangburn,Pangbrim
Parcell,Persell
Parcells,Parsells
Parcel,Persell
Parents,parents
Pare,Perry
Parlamentier,Parmentier
Parsell,Persell
Parsel,Persell
Parsons,Parson
Pasko,Pasco
Patcher,Pitcher
Paterson,Petersen
Patrik,Patrick
Patted,Petit
Patten,Petten
Pattit,Petit
Paulus,Poulus
Paulus van derbeek,Paulus van der Beek
Pauluszen,Poulus
Paulusz,Poulus
Payster,Peyster
Peersel,Persell
Peerse,Peersen
Peister,Pieterse
Percelle,Persell
Percell,Persell
Perkley,Barclay
Perkly,Barclay
Persel,Persell
Persen,Person
Persil,Persell
Perssel,Persell
Peterse,Pieterse
Peterse van Nest,Peters van Nest
Peterse Wykof,Peters Wyckof
Peters Monfoort,Peters Monfort
Peterson,Petersen
Peters,Pieterse
Peters w,Pieterse
Peters Wyckof,Peters Wyckof
Peters Wykof,Peters Wyckof
Petersz Kinne,Peters Kinne
Petersz Monfort,Peters Monfort
Petersz,Pieterse
Petersz Wyckof,Peters Wyckof
Petersz Wykof,Peters Wyckof
Peterz Kinne,Peters Kinne
Peterz Wykof,Peters Wyckof
Petiet,Petit
Petri,Petrie
Pettit,Petit
Phaenix,Phoenix
Phanix,Phoenix
Phenix,Phoenix
Philip,Philips
Philipps,Philips
Philipsen,Philips
Philipse,Philips
Philipszen,Philips
Philipsz,Philips
Philipz,Philips
Phillips,Philips
Pickeman,Beekman
Pieli,Piele
Pieter,Pieterse
Pietersen Buys,Pieterse Buys
Pietersen,Petersen
Pieterson,Petersen
Pieters,Pieterse
Pietersse,Pieterse
Pieters Wyckof,Peters Wyckof
Pieterszen,Petersen
Pietersz,Pieterse
Pietersz Wykof,Peters Wyckof
Pieterz,Pieterse
Piet,Petit
Pikkert,Pickert
Pilie,Piele
Plancken,Planck
Plato,Platto
Pleine,La Pleine
Pletto,Platto
Poineer,Poinier
Polhemus,Polhemius
Pootman,Potman
Popelesdorph,Poppelsdorf
Poppeldorf,Poppelsdorf
Poppelsdorff,Poppelsdorf
Poppildorf,Poppelsdorf
Pouelse,Poulus
Poulesse,Poulus
Poulse,Poulus
Pouluse,Poulus
Pouluse ym,Poulus
Poulusse,Poulus
Poulusson,Poulus
Poulus ym,Poulus
Pou,Pue
Pouwell,Powel
Pouwel,Powel
Pouwelse,Poulus
Prevoost,Prevost
Preyer,Pryer
Preyers,Pryer
Provoost,Prevost
Pryers,Pryer
Putman,Potman
Pypper,Piper
Qick,Quick
Quackenbosch,Quackenbush
Quackenbos,Quackenbush
Quackenboss,Quackenbush
Quackkenbosch,Quackenbush
Quakenbos,Quackenbush
Quakkenbosch,Quackenbush
Quakkenbosh,Quackenbush
Quakkenbos,Quackenbush
Quanta,Quant
Qucik,Quick
Quik,Quick
Quori,Quorey
Radley,Redley
Radlif,Radliff
Ramsay,Ramsey
Ramsy,Ramsey
Randell,Randal
Randel,Randal
Ransey,Ramsey
Rantst,Ranst
Rapailje,Rapelje
Rapalje,Rapelje
Rapallie,Rapaille
Rapalye,Rapelje
Rapelee,Rapelje
Rapelie,Rapelje
Rapelye,Rapaille
Rappalje,Rapelje
Rappelie,Rapelje
Rappelje,Rapelje
Raqua,Requaw
Raquaw,Requaw
Ratan,Rutan
Ratliff,Radliff
Raton,Rutan
Ravenstein,van Ravestein
Reddenhars,Riddenhars
Reddenhoers,Riddenhars
Redliff,Radliff
redliff,Radliff
Redly,Redley
Reghtmeyr,Reghtmeyer
Reghtmyer,Reghtmeyer
Reider,Ritter
Reimer,Riemer
Reinderse,Reynders
Reinders,Reynders
Reinierse,Reiners
Reiniers,Reiners
Remmie,Romme
Remmi,Romme
Remmy,Romme
Remsay,Ramsey
Remse,Remsz
Remson,Remsen
Rems,Remmers
Remsy,Ramsey
Remz,Remsz
Renaudett,Renaudet
Rendal,Randal
Rendell,Randal
Rendel,Randal
Renselaar,Rensselaer
Renselaer,Rensselaer
Requaa,Requaw
Requa,Requaw
Resel,Rasel
Retan,Rutan
Rethan,Rathan
Retier,Ritter
Reton,Rutan
Rettan,Rutan
Reusler,Russelaar
Revett,Revet
Revier,de Revier
Revire,Reviere
Reyder,Ritter
Reyersen,Reyerse
Reyerson,Reyerse
Reyers,Reyerse
Reyerszen,Reyerson
Reyersz,Reyerse
Reyertszen,Reyerson
Reyertzen,Reyerson
Reyerze,Reyerse
Reyerz,Reyerse
Reyjerse,Reyerse
Reyniers Wizzelpenning,Reiniers Wizzelpennig
Reynoutszen,Reynoudszen
Reyyerse,Reyerse
Richardson,Richard
Richards,Richard
Richerson,Richardson
Richtmeyer,Reghtmeyer
Rickman,Ryckman
Rider,Ritter
Riefsnyder,Reifsnyder
Rieviere,Reviere
Rikeman,Ryckman
Rikman,Ryckman
Rinkhout,Rinkout
Rinkoout,Rinkout
Risla,Rusle
Rissel,Rasel
Ritsardt,Ritzard
Ritsema,Ritzema
River,de Revier
Rivier,Reviere
Riviers,Rivers
Robberds,Robert
Robberdz,Robert
Robberson,Robertson
Robbertson,Robertson
Robberts,Robert
Robbertszen,Robertson
Roberts,Robert
Robertz,Robert
Roeger,Roger
Roelof,Roelofse
Roelofsen,Roelofse
Roemer,Riemer
Roemers,Roemer
Romaine,Romen
Romein,Romen
Rome,Romme
Romer,Roemer
Romine,Romen
Rommen,Romen
Rom,Romme
Romvelden,Romfeld
Romyn,Romen
Roolant,Rulend
Roomen,Romen
Roome,Romme
Roomer,Roemer
Room,Romme
Roonaine,Romen
Roorbagh,Roorbach
Roorbag,Roorbach
Roo,Rouw
Rooseveld,Roosevelt
Roos,Rous
Ro,Rouw
Rosejkrantz,Rosenkranz
Rosenkkranz,Rosenkranz
Rosenkrans,Rosekrans
Rosenkrantz,Rosenkranz
Rosenkratz,Rosenkranz
Rosennkranz,Rosenkranz
Roseveld,Roosevelt
Rosevelt,Roosevelt
Rosnekranz,Rosenkranz
Rosnkranz,Rosenkranz
Rouse,Rous
Rouws,Rous
Rovaen,Ruyven
Rowe,Rouw
Row,Rouw
Rozeveld,Roosevelt
Rozeveldt,Roosevelt
Rulin,Roelin
Ruquaw,Requaw
Russelaar,Russel
Russeler,Russelaar
Rutgersen van Brunt,Rutgers van Brunt
Rutherfort,Rutherford
Ruthgers,Rutgers
Ruyter,Ritter
Ryck,Rycke
Rydener,Riddenaar
Ryder,Ritter
Ryersen,Reyerse
Ryerse,Reyerse
Ryerson,Reyerson
Ryersz,Reyerse
Ryfenier,Ravenier
Rykeman,Ryckman
Ryken,Rycken
Ryke,Rycke
Rykman,Ryckman
Sackerley,Sackerly
Sackerlye,Sackerly
Saddoor,Sadoor
Saffir,Sievers
Sagar,Seeger
Sager,Seeger
Salamonse,Solomonse
Sallisbury,Salisbury
Salomonse,Solomonse
Salomon,Solomonse
Salomons,Solomonse
SalsBerry,Salisbury
Salsburry,Salisbury
Salsbury,Salisbury
Sammans,Simones
Sammons,Simones
Sampenwa,Shamponwa
Sampoa,Sampowa
Sanderse,Sanders
Sanderts,Sanders
Santfoort,Sandford
Santford,Sandford
Santvoort,Sandford
Sant,Zandt
Sarlye,Sarley
Saunderson,Sandertszen
Sausser,Souser
Sauzer,Souser
Saxs,Sax
Schaack,Schaik
Schaak,Schaik
Schack,Schaik
Schaeck,Schaik
Schaek,Schaik
Schaick,Schaik
Schaiik,Schaik
Schammers,Schamers
Schayck,Schaik
Scheen,Schein
Scheerman,Schuurman
Schendeler,Chandler
Scheneman,Schuneman
Schenk,Schenck
Schermehoorn,Schemerhorn
Schermerhoorn,Schemerhorn
Schermerhorm,Schemerhorn
Schermerhorne,Schemerhorn
Schermerhorn,Schemerhorn
Scherp,Scharp
Scheure,Schure
Schick,Schaik
Schism,Chism
Schitterley,Shetterly
Schmid,Smith
Schoed,Schut
Schoelir,Schoeler
Schoemaker,Schoenmaker
Schoete,Schut
Schoet,Schut
Scholtes,Scholtens
Schoohoven,Schoonhoven
Schoonhaven,Schoonhoven
Schoonhove,Schoonhoven
Schoonmaker,Schoenmaker
Schot,Schut
Schouler,Schoeler
Schouten Jr,Schouten
Schoute,Schut
Schram,Charmo
Schuere,Schure
Schuiler,Schuyler
Schultens,Scholtens
Schultes,Schult
Schuren,Schueren
Schuth,Schut
Schutt,Schut
Schuuren,Schueren
Schuurmans,Schuurman
Schuur,Schuurman
Schuylder,Schuyler
Schuyls,Schuyler
Schyve,Schyven
Scoonhoven,Schoonhoven
Scut,Schut
Sebastiaenszen,Bastiaenszen
Sebering,Sebring
Seckerley,Shekerly
Seckerly,Shekerly
Sedam,Suydam
Seebring,Sebring
See,Zee
Segers,Seger
Seiffer,Seifer
Sekkerley,Shekerly
Sekkerly,Shekerly
Selovers,Selover
Senderen,Sinderen
Seudam,Suydam
Seversen,Sievers
Severse,Sievers
Sever,Sevara
Severson,Sievers
Seybouts Crancheyt,Seybouts Krankheit
Seyfer,Syffer
Sey,Sie
Seysse,Syse
Seys,Syse
Shakerly,Shekerly
Shampenwa,Shamponwa
Sharduvyn,Chardavoine
Sharewood,Sherewood
Sharpas,Sharp
Shaver,Shafer
Shedwel,Sheddel
Sheerman,Schuurman
Sheffer,Shafer
Sheik,Schaik
Shekkerley,Shekerly
Shekkerly,Shekerly
Shel,Shell
Shephard,Shepherd
Sherman,Schuurman
Shermerhorn,Schemerhorn
Sherpe,Sharp
Sherp,Sharp
Sherret,Sherewood
Sherwood,Sherewood
Shipperd,Shepherd
Shitterly,Shetterly
Shoot,Schut
Shouls,Soles
Shourt,Short
Shue,Shoe
Shute,Schut
Shut,Schut
Shuymers,Schamers
Shymers,Schamers
Sibout,Sybout
Sibrand,Sybrandt
Sibrant,Sybrandt
Sice,Syse
Sichelen,Sicklen
Sichels,Sickels
Sickelen,Sickels
Sickele,Sickels
Sickelsen,Sickels
Sickelse,Sickels
Sickel,Sickels
Sickles,Sickels
Siclen,Sicklen
Sidell,Slidel
Sieversen,Sievers
Siever,Sievers
Sieverson,Sievers
Siffer,Seifer
Siggelse,Sickels
Sighlen,Sicklen
Sikelen,Sicklen
Sikkelse,Sickels
Sikkels,Sickels
Simmens,Simones
Simmons,Simones
Simonis,Simones
Simonnis,Simones
Simonse,Simones
Simonson,Simones
Simons,Simones
Simonsz,Simones
Simonus,Simones
Simonz,Simones
Simour,Seymor
Simsons,Simson
Sindere,Sinderen
Sioerts,Sjoerts
Sipken,Sipkens
Sipper,Spier
Sisco,Cisco
Sisko,Cisco
Sitterly,Shetterly
Sittle,Settle
Siversen,Sievers
Siverse,Sievers
Siver,Sievers
Siverson,Sievers
Sivers,Sievers
Sivertszen,Sibertszen
Sjahaan,Shahaan
Sjarmo,Charmo
Sjeckerly,Shekerly
Sjekkerley,Shekerly
Sjekkerly,Shekerly
Sjeklen,Cheklen
Sjoert,Short
Sjoet,Schut
Skaats,Skaates
Skates,Skaates
Slecht,Sleght
Sledel,Slidel
Sleeter,Slater
Slegt,Sleght
Sleidel,Slidel
Slidal,Slidel
Slidell,Slidel
Sliedell,Slidel
Slott,Slot
Slover,Selover
Slyck,Slyk
Slydal,Slidel
Slydel,Slidel
slyk,Slyk
Smeddes,Smedes
Smed,Smedes
Smedt,Schmidt
Smet,Schmidt
Smidt,Schmidt
Smit,Schmidt
Smock,Smack
Snedekers,Snedeker
Snedeker w,Snedeker
Snediger,Snedeker
Snediker,Snedeker
Snedoker,Snedeker
Sneeden,Sneden
Sneeding,Sneding
Sneedon,Sneden
Sneyder,Snyder
Sniffin,Sniffen
Snoch,Snoek
Snyders,Snyder
Soison,Seysen
Sole,Soles
Solinge,Solingen
Somerendyck,Somerendyk
Sools,Soles
Sourten,Courten
Sourt,Short
Spaarbeck,Sparbeck
Spaarbek,Sparbeck
Sparbek,Sparbeck
Speader,Spader
Speder,Spader
Spenser,Spencer
Sperbeck,Sparbeck
Sperlingh,Sperling
Spiers,Spier
Sprencksteen,Springsteen
Sprincksteen,Springsteen
Springstein,Springsteen
Sprongh,Sprong
Staets,Staats
Stag,Stagg
Stake,Skaates
Steddiford,Steadiford
Stedefurt,Steadiford
Steenback,Steenbach
Steenbag,Steenbach
Steenbergen,Steenberg
Steenbergh,Steenberg
Steenebach,Steenbach
Steenhuys,Steynmets
Steenmuts,Steynmets
Steenwyk,Steenwick
Stege,Stegg
Steg,Stegg
Steinbag,Steenbach
Stenebach,Steenbach
Stephens,Stevens
Stephenszen,Stevens
Stevense,Stevens
Stevens van Voorhees Hackensack,Stevens van Voorhees
Stevens van Voris,Stevens van Voorhees
Stevensz,Stevens
Stevensz van Voorhees,Stevens van Voorhees
Steymets,Steynmets
Steymetz,Steynmets
Steynmetsen,Steynmets
Steynmetszen,Steynmets
Steynmutsen,Steynmets
Stidefor,Stidefer
Stienberge,Steenberg
Stienbergh,Steenberg
Stienberg,Steenberg
Stillen,Stille
Stillewel,Stillwell
Stillewill,Stillwell
Stillewil,Stillwell
Stillwill,Stillwell
Stillwil,Stillwell
Stilwell,Stillwell
Stilwil,Stillwell
Stoerm,Storm
Stoffels,Stoffelse
Stokholm,Stockholm
Stol,Slot
Stoofhoff,Stoothof
Stoofhof,Stoothof
Stoonehouse,Stonehouse
Stoorm,Storm
Stoothoff,Stoothof
Stootoff,Stoothof
Storms,Storm
Stotehoff,Stoothof
Stotshoff,Stoothof
Stoutenburg,Stoutenburgh
Stouwtenburg,Stoutenburgh
Straetmaker,Straetmaecker
Stratemaecker,Straetmaecker
Streyckers,Streuckers
Streydt,Staert
Striker,Stryker
Strycker,Stryker
Strykers,Stryker
Strykker,Stryker
Stryyker,Stryker
Stsagg,Stagg
Sturne,Storm
Stuyvezant,Stuyvesant
Stykker,Stryker
Stymes,Stymets
Stymets,Steynmets
Stymetz,Steynmets
Stynbag,Steenbach
Stynmes,Steynmets
Stynmets,Steynmets
Sudam,Suydam
Suesden,Deusen
Suncam,Sunkam
Superius,Superiur
Supkins,Sipkens
Sutt,Schut
Swaen,Swansen
Swann,Swaan
Swanser,Swansen
Swansin,Swansen
Swanson,Swansen
Swanssen,Swansen
Swarthwout,Swartwout
Swartjoud,Swartwout
Swart,Swaart
Swartwood,Swartwout
Swartwoud,Swartwout
Swarwoud,Swartwout
Sÿbers,Syberse
Sybertszen,Sibertszen
Syble,Sible
Sybout Crancheyt,Seybouts Krankheit
Sybout Krankheit,Seybouts Krankheit
Sybout Krankhz,Seybouts Krankheit
Syboutszen,Siboutszen
Syboutze,Sybout
Sybouwt Krankhz,Seybouts Krankheit
Syfer,Syffer
Symensen,Symense
Symense,Simones
Symenz,Simones
Symmons,Simones
Symonse,Simones
Symons,Simones
Symonszen,Simonszen
Symonsz,Simones
Symonz,Simones
Symor,Seymor
Sy,Sie
Sysse,Syse
Sys,Sise
Syver,Sievers
Taeler,Tailor
Taerling,Taarling
Tailer,Tailor
Taler,Tailor
Talman,Tallman
Tampsen,Thompson
Tampson,Thompson
Tamsson,Thomassen
Tankenye,Tanken
Tanner,Tenner
Tassell,Tessel
Tassel,Tessel
Tayler,Tailor
Taylor,Tailor
Tealor,Tailor
Teeler,Teller
Teler,Teller
Tellaer,Teller
Telleer,Teller
Teller,Tailor
Tencgelback,Tinkelbach
Tenchelbag,Tenc Gelbach
Tenckerit,Tanckerit
Teneyck,Ten Eyck
Teneyke,Ten Eyck
Tenuer,Terneur
Tenuur,Terneur
Tenyke,Ten Eyck
Terboss,Terbos
Terheun,Terhuen
Terwilge,Terwilgen
Terwilligen,Terwilgen
Terwillige,Terwilgen
Terwilsgen,Terwilgen
Teunis Bogard,Teunis Bogard
Teunis Bogart wife,Teunis Bogard
Teunis Denyse,Teunis Denyse
Teunis of Jam,Teunis
Teunisse Denyse,Teunis Denyse
Teunissen Denys,Teunis Denyse
Teunissen,Teunis
Teunissen van Pelt,Teunis van Pelt
Teunisse,Teunis
Teunisz Boogard,Teunis Bogard
Teuniszen,Teunis
Teunisz,Teunis
Teuniz,Teunis
Theisse,Tice
Theis,Tice
Theller,Teller
the mothers mother,
Theobleds,Theobles
Theresa,Trasia
Theunissen,Teunis
Theunisse,Teunis
Theunis,Teunis
Theysse,Tice
Theys,Tice
Thibout,Tibout
Thienhove,Tienhoven
Thincgelback,Tinchgelbagh
Thoebales,Theobles
Thomasen,Thomassen
Thomasse,Thomase
Thomas,Thomase
Thomaszen,Thomase
Thomasz,Thomase
Thomes,Thomase
Thomson,Thomassen
Thoms,Thomase
Thomz,Thomase
Thoo,Thew
Thunissen van Pelt,Teunis van Pelt
Thyse,Tice
Thyssens,Thyssen
Thyssen van Pelt,Tysen van Pelt
Thys,Tice
Thys van Pelt,Tice van Pelt
Thyszen,Thyssen
Tiboutse,Tibout
Tibouwt,Tibout
Tiebout,Tibout
Tielden,Fielden
Tienhove,Tienhoven
Tikston,Tichston
Tilburgh,Tilbrugh
Tincgelbagh,Tinchgelbagh
Tinegelbagh,Tinchgelbagh
Tinky,Tingue
Titsoort,Ditsoort
Tjerckszen,Dirckszen
Toenis Boogert,Teunis Boogert
Toll,Tol
tol,Tol
Tomasen,Thomassen
Tomassen,Thomassen
Tomasse,Thomase
Tomass,Thomase
Tomas,Thomase
Tompson,Thompson
Toms,Thomase
Tonissen Bogert,Teunis Boogert
Tothill,Tothil
Totten,Totton
Tourneur,Terneur
Tours,Toers
Traphagen,Traphage
Traver,Trever
Treber,Trever
Treever,Trever
Treuman,Truman
Treyfus,Treffus
Triffus,Treffus
Tright,Tricht
Trimper,Trompoor
Triphage,Traphage
TrompHoor,Trompoor
Tromphour,Trompoor
Troompoor,Trompoor
Truex,Truax
Tsee,Zee
Tunis Bogard,Teunis Bogard
Tunis Bogard w,Teunis Bogard
Tunis Bogart,Teunis Bogard
Tunis Boogard,Teunis Bogard
Tunis Denys,Teunis Denyse
Tunissen van Pelt,Teunis van Pelt
Tunis,Teunis
Tunis van Pelt,Teunis van Pelt
Tunis van Pelt w,Teunis van Pelt
Tunisz Denys,Teunis Denyse
Tunisz De Nys,Teunis Denyse
Tunisz,Teunis
Turman,Truman
Turneur,Terneur
Turny,Turney
Tuynier,Tenner
Tuynnier,Tenner
Tybout,Tibout
Tysen van Pelt,Tice van Pelt
Tyse,Tice
Tyssen,Tysen
Tys,Tice
Tys van Pelt,Tice van Pelt
Tysz,Tice
Tysz van Pelt,Tice van Pelt
Uitdenbogaart,Uit den Bogart
Uitdenbogard,Uit den Bogart
Uitdenbogart,Uit den Bogart
Uittenbogard,Uit den Bogart
Uittenbogart,Uit den Bogart
Uittenbogert,Uit den Bogart
Useldun,Usseldun
Uselton,Usseldun
Uytdenbogert,Uit den Bogart
Uytenbogart,Uit den Bogart
Uytenbogert,Uit den Bogart
Uytenboogert,Uit den Bogart
Uytrecht,Utrecht
Uyttenbogaert,Uit den Bogart
Valentyn,Valentine
Vale,Viele
Valkenbergh,Valkenburg
Valkenberg,Valkenburg
Valkenbert,Valkenburg
Valkenburgh,Valkenburg
Valkenburt,Valkenburg
Vallentyn,Valentine
Val,Viele
van Blerkum,van Blerkom
van Borkuloo,van Borkeloo
van Cleef,van Kleef
van Cliff,van Kleef
van Couvenhoven,van Cowenhoven
van Cowenhoven w,van Cowenhoven
Vandenbergh,Vandenberg
van derbeek,Van Der Beek
van der Beek,Van Der Beek
van derbild,Van Der Bilt
van der Bild,Van Der Bilt
VanderBilt,Van Der Bilt
Vanderbilt,Van Der Bilt
van derbilt,Van Der Bilt
Van der bilt,Van Der Bilt
vanderhard,van der Hard
vander Hard,van der Hard
vander Hoef,van der Hoef
van der Oeven,van der Hoeven
vander Spiegel,van der Spiegel
VanderVeer,Van der Veer
Vanderveer,Van der Veer
van derveer,Van der Veer
van der Veer,Van der Veer
van der Voorst,van de Voorst
van der voorst,van de Voorst
vandervorrst,van de Voorst
vander Water,van de Water
VanDeventer,Deventer
van deventer,van De Venter
van de Venter,van De Venter
van de Vorst,van de Voorst
Vandewater,van de Water
van dewater,van de Water
Van Deyck,Van Dyck
Van Dick,Van Dyck
van Dien,van Houten
van Ditmarsen,van Ditmarschen
van Doesburg,Van Doesburg
Vanduurszen,Vanduursen
van Dyck,Van Dyck
Van Dyk,Van Dyck
van Dyk,Van Dyck
van Hooren,van Hoorn
van Hoorn,van Hoorn
van Horne,van Hoorn
Van Horn,van Hoorn
Van Houten,van Houten
van Kouvenhoven,van Cowenhoven
Van Lendt,Van Lent
van Lewen,van Leeuwen
Vanlinden,Vanderlinden
Van Nest w,van Nest
Van Noorstrand,Van Noortstrand
Van Noortstrand,Van Noorstrant
Van Noortstrant,Van Noorstrant
Van Nortstrant,Van Noortstrand
Van Ostrand,Van Noortstrand
Vanoy,Vernoi
Van Pelt,van Pelt
van Rype,van Reype
van Saen,van Saan
van Schyve,van Scheyve
van Siklen,van Sicklen
Van Tassal,Van Tessel
Van Tassel,Van Tessel
Van Tesel,Van Tessel
Van Texel,Van Tessel
Van Theseel,Van Tessel
Van Thesel,Van Tessel
Van Thessel,Van Tessel
Van Thexel,Van Texel
Van Thissel,Van Tessel
Vantilbrugh,Tilbrugh
van Vliet,van der Vliet
Van Vliet,van Vliet
van Voorst,van de Voorst
van voorst,van Vorst
Van Waart,Van Wert
Van waart,Van Wert
Van Waert,Van Wert
Van waert,Van Wert
van Wageneng,van Wagenen
van Wagening,van Wagenen
van Wagenyng,van Wagenen
Van Wart,Van Wert
Van Weerdt,Van Wert
Van Weerd,Van Wert
Van Weert,Van Wert
Van Wert,Van Wert
Van wert,Van Wert
Van Worman,Van Wormer
van Zeuren,van Zuren
Vardal,Fradel
Vardel,Fradel
Vardil,Fradel
Vardon,Verdon
VderBilt,Van Der Bilt
Vedders,Vedder
Vedeer,Vedder
Veder,Vedder
Vedette,Vidette
Vedite,Vidette
Veeder,Vedder
Veele,Viele
Vegetn,Vechten
Veghten,Vechten
Vegten,Vechten
Vele,Viele
Veley,Viele
Velkenburgh,Valkenburg
Vel,Viele
Velye,Viele
Venter,Vaendr
Verborg,Verbrugge
Verburg,Verbrugge
Verden,Verdon
Verenburg,Vredenburgh
Verkerken,Verkerk
Vermeileie,Vermillie
Vermielie,Vermillie
Vermilje,Vermillie
Vermilla,Vermelje
Vermillia,Vermelje
Vermillie,Vermelje
Vermilye,Vermillie
Vernooy,Vernoi
Verplancken,ver Plank
Verplanken,ver Plank
ver Planken,ver Plank
Verplank,ver Plank
Verscheur,Verschuur
Verschuer,Verschuur
Verveel,Verveelen
Verveleen,Verveelen
Vervelin,Vervele
Vervey,Yvere
Vieley,Viele
Vielie,Viele
Viel,Viele
Viely,Viele
Viensen,Vinsen
Vigil,Viegli
Vile,Viele
Vine,Winne
Vischers,Vischer
Vlak,Valk
Vlek,Vleck
Vlensburg,Flansburgh
Vlerkom,Blerkom
Vliedt,Vliet
Vlierboom,Vliereboom
Volckerszen,Volckertszen
Volkertszen,Volckertszen
Volkerz,Volkertz
Vonk,Vonck
Voorees,Voorhees
Voores,Voorhees
Voorheis,Voorhees
Voorhese,Voorhees
Voorhess,Voorhees
Voorhest,Voorhees
Voorhose,Voorhees
Vooris,Voorhees
Vorhest,Voorhees
Voris,Voorhees
Vorrhees,Voorhees
Vosburg,Vosburgh
Vosie,Fousy
Vousie,Fousy
vranken,Vranken
Vredenberg,Vredenburgh
Vredenbrugh,Vredenburgh
Vredenburg,Vredenburgh
Vredengurgh,Vredenburgh
Vreden,Vredenburgh
Vrederiks,Fredericksz
Vreedenburgh,Vredenburgh
Vreedenburg,Vredenburgh
Vreelandt,Vreelant
Vreeland,Vreelant
Vreelanr,Vreelant
Vreelinghuyse,Vreelinghuysen
Vreer,Freer
Vreland,Vreelant
Vrelant,Vreelant
Vrelenhuysen,Vreelinghuysen
Vrelmighuysen,Vreelinghuysen
Vrendenburg,Vredenburgh
Vrooman,Vroman
Vryburn,Freeborn
w,
Waalker,Walker
Waard,Waert
Waelderon,Waldron
Wagenaar,Wagener
Wagenen,Wagener
Wagene,Wagener
Wageningen,Wagening
Wagner,Wagener
Wagoner,Wagener
Waine,Winne
Walderom,Waldron
Walderon,Waldron
Walderoom,Waldron
Walder,Walter
Waldrom,Waldron
Waldrum,Waldron
Walgraaff,Walgraaf
Walgraef,Walgraaf
Walgraff,Walgraaf
Walgrave,Walgraaf
Waling,Walings
Wallen,Wallon
Walli,Wallie
Walters,Walter
Walthers,Walter
Walther,Walter
Wamslie,Wamsley
Wandeler,Wandelaer
Wandell,Wendell
Wandel,Wendell
Wanshaars,Wanshaar
Wanshaer,Wanshaar
Warner,Warmer
Wastfael,Westfael
Way,Wie
Webber,Webbers
Wedeman,Wideman
Weesbroek,Westbroeck
Weestbroeck,Westbroeck
Weiber,Wever
Weilie,Wiley
Welchs,Wilkes
Wels,Wells
Welze,Wilse
Wendall,Wendell
Wendal,Wendell
Wendel,Wendell
Wendle,Wendell
Wendover,Windover
Wenne,Winne
Wenthwort,Wentworth
Wermer,Warmer
Werner,Warner
Wesbroeck,Westbroeck
Wesfael,Westfael
Wessebrock,Westbroeck
Wessebroeck,Westbroeck
Wessebroek,Westbroeck
Wessebrorek,Westbroeck
Wessells,Wessels
Wesselse,Wessels
Wesselszens,Wessels
Wesselszen,Wessels
Wesselsz,Wessels
Wessel,Wessels
Wesselz,Wessels
Wesseslszen,Wessels
Wessleszen,Wessels
Westael,Westfael
Westbrock,Westbroeck
Westbroechk,Westbroeck
Westbroech,Westbroeck
Westbroek,Westbroeck
Westdfael,Westfael
Westerfield,Westervelt
Westerveld,Westervelt
Westfaal,Westfael
Westfall,Westfael
Westfbroeck,Westbroeck
Westhal,Westfael
Westphaal,Westfael
Westvaal,Westfael
Westvael,Westfael
Westvall,Westfael
Westval,Westfael
Westvroeck,Westbroeck
Wetsel,Wessels
Wetzel,Wessels
Weysenvelt,Weisenvelt
Weyt,White
Whitacker,Whitaker
Whitebarck,Whitebark
Whiteker,Whitaker
Whitelock,Whitlock
Whitiker,Whitaker
Whittiker,Whitaker
Wickhoff,Wyckoff
Widbeck,Witbeck
Widbeek,Witbeck
Wielsie,Wilse
Wieye,Wie
Wilckes,Wilkes
Wile,Wiley
Wilie,Wiley
Wiljums,Williams
Wilkeson,Wilkes
Willamsen,Williams
Willekes,Wilkes
Willeks,Wilkes
Willemse Bennet,Willemsz Bennet
Willemsen,Williams
Willemse,Williams
Willemsse,Williams
Willems van Borkeloo,Willems van Borkelo
Willems,Williams
Willemszen,Williams
Willemsze,Williams
Willemsz,Williams
Willem,Williams
Willemz Bennet,Willemsz Bennet
Willemze,Williams
Willemz,Williams
Willens,Willsen
Willett,Willet
Willex,Wilkes
Williamsen,Williams
Williamse,Williams
Williamson,Williams
Willicks,Wilkes
Williems,Williams
Willimse,Williams
Willims,Williams
Williums,Williams
Willix,Wilkes
Willums,Williams
Willzen,Willsen
Wilsie,Wilse
Wilssen,Willsen
Wilyums,Williams
Wilzee,Wilse
Wilze,Wilse
Wimple,Wemple
Winckelen,Winckel
Winckele,Winckel
Winckle,Winckel
Windel,Wendell
Windemodin,Windemuth
Windmoet,Windemoet
Wingart,Wyngart
Winkelen,Winkele
Winkel,Winkele
Winnah,Winne
Winna,Winne
Winster,Winters
Wintemuth,Windemuth
Wintermoet,Windemuth
Winter,Winters
Witbeeck,Witbeck
Witeman,Wytman
Withbarck,Whitebark
Withbeek,Witbeck
With,Wit
Wittacker,Whitaker
Witteker,Whitaker
Wittiker,Whitaker
Witt,Wit
Witveld,Witvelt
Woedaard,Woodart
Woelse,Wilse
Woertendyk,Woertendyke
Woesterman,Osterman
Wolphertszen,Wolfertszen
Wolphertz,Olferts
Wolspinder,Wollespinder
Woodaard,Woodward
Woodard,Woodward
Wormer,Wurmer
Wortendike,Woertendyke
Wouterse,Wouters
Wouterssen,Wouters
Woutersz van der Bosch,Wouters van der Bosch
Wouterze,Wouters
Wricht,Wright
Wrigt,Wright
Wstbroeck,Westbroeck
Wstfael,Westfael
Wurmer,Warmer
Wyckhoff,Wyckoff
Wyckhof,Wyckoff
Wyckof,Wyckoff
Wykof,Wyckoff
Wylie,Wiley
Wyllims,Williams
Wylse,Wilse
Wymens,Winans
Wynants,Wynant
Wynantszen,Wynandszen
Wyncoop,Wynkoop
Wynhart,Wynhard
Wysenvelt,Weisenvelt
Wysham,Wischam
Yeselsteyn,Iselsteyn
Yk,Eyck
Ykkr,Ecker
Yong,Jong
Yselstein,Iselsteyn
Yselsteyn,Iselsteyn
Yveren,Iveren
Yverey,Yvere
Zabriske,Sabriskie
Zabriskie,Sabriskie
Zant,Zandt
Zeeger,Seeger
Zetterling,Shetterling
Zickels,Sickels
Ziggelse,Sickels
Zikkels,Sickels
Zitterley,Sitterly
Zoepinger,Suppinger
Zooms,Soms
Zuppinger,Suppinger
Zwanser,Swansen
Zwartewout,Swartwout
Zwartwout,Swartwout
Zyfer,Syffer
Zyn,Syn
Zy,Sie
Zyverse,Syberse
Zyvert,Syvert
Kwackkenbosch,Quackenbush