from,to
Aaaltie,Aaltie
Aaegtje,Aagtie
Aaeltie,Aeltie
Aaentie,Annatie
Aafie,Eva
Aafttje,Aaftje
Aagie,Aegie
Aagje,Aegie
Aaltje,Aaltie
Aanetie,Annatie
Aantie,Annatie
Aantje,Antje
Aardje,Artie
Aarent,Arent
Aariaantie,Ariaantie
Aarie,Arie
Aarnhout,Aarnout
Aarnoud,Aarnout
Aarnoudt,Aarnout
Aarnouwt,Aarnout
Aart,Aert
Aartie,Ariaantie
Aartje,Artie
Aary,Arie
Abagail,Abigail
Abbegel,Abigail
Abbigal,Abigail
Aberam,Abraham
Abiael,Abigail
Abiagel,Abigail
Abibail,Abigail
Abiegael,Abigail
Abiegail,Abigail
Abiegeil,Abigail
Abiegel,Abigail
Abiegiel,Abigail
Abigaal,Abigail
Abigael,Abigail
Abigal,Abigail
Abraam,Abraham
Abrahama,Abraham
ABraham,Abraham
Abrahamm,Abraham
Abrahan,Abraham
Abrahm,Abraham
Abram,Abraham
Abrham,Abraham
Abrhm,Abraham
Abrm,Abraham
Acha,Aegie
Admund,Edmond
Adolff,Adolph
Adolp,Adolph
Adolphes,Adolph
Adolphus,Adolph
Adriaan,Adrian
Adriaantie,Adriantie
Adriaen,Adrian
Adriaenti,Adriantie
Adriaentie,Adriantie
Adriaentje,Adriantie
Adriance,Adriantie
Adriane,Adriana
Adrianis,Andries
Adriantje,Adriantie
Adriantle,Adriantie
Adrianus,Adrian
Adrieannus,Adrianus
Adriyanis,Adrianus
Adryantie,Adriantie
Adryianis,Adrianus
Aearnout,Aarnout
Aecht,Aagtie
Aeffie,Eva
Aefjee,Eva
Aefje,Eva
Aeghje,Aagtie
Aeghtie,Aagtie
Aegje,Aegie
Aegtie,Aagtie
Aegye,Aegie
Aelette,Aletta
Aelje,Aalje
Aellette,Aletta
Aeltje,Aaltie
Aeltye,Aeltie
Aentie,Annatie
Aeriaentie,Ariaantie
Aernoudt,Aarnout
Aernout,Aarnout
Aert,Aard
Aertie,Artie
Aetie,Aeltie
Agada,Aagtie
Agie,Aeche
Agn,Agnietie
Agneita,Agnietie
Agneitie,Agnietie
Agness,Agnes
Agneta,Agnietie
Agnetie,Agnietie
Agnieta,Agnietie
Agniet,Agnietie
Agnietje,Agnietie
Agnis,Agnes
Agnita,Agnietie
Agnitie,Agnietie
Agnys,Agnes
Agustes,Augustus
Ahassuerus,Ahasuerus
Ahasuerous,Ahasuerus
Ahazueros,Ahasuerus
Ahazuerus,Ahasuerus
Aidal,Alida
Ailtye,Aeltie
Albart,Albert
Albartus,Albert
Albertie,Albert
Albertus,Albert
Aletha,Alethea
Alette,Aletta
Alexanuer,Alexander
Alexzander,Alexander
Alicksander,Alexander
Alixander,Alexander
Allen,Elena
Allert,Allard
Alletta,Alida
Allette,Aletta
Allida,Alida
Altie,Aeltie
Altje,Aeltie
Alty,Alida
Altye,Aeltie
Amarens,Emerencia
Amarensje,Emerencia
Ame,Amy
Amey,Amy
Amietta,Emmetie
Amilia,Amelia
Ammerencia,Emerencia
Ammerens,Emerencia
Ammerensie,Emerencia
Ammy,Amy
Ana,Anna
Anaatie,Annatie
Anaitche,Annaitche
Anake,Anneke
Anamaria,Anna Maria
Anatche,Annaitche
Anatie,Annatie
Anatje,Annatie
Anaytche,Annaitche
Anche,Annaitche
Anderies,Andries
Andies,Andries
Andreas,Andries
Andrees,Andries
Andres,Andries
Andreus,Andries
Andrias,Andries
Andrie,Andries
Andriew,Andrew
Andris,Andries
Andrue,Andrew
Andrus,Andries
Anganietie,Agnietie
Angellica,Angelica
Angeltie,Engeltie
Angenientje,Agnietie
Angenieta,Agnietie
Angenietie,Agnietie
Angenietje,Agnietie
Angenita,Agnietie
Angenitie,Agnietie
Angenitje,Agnietie
Angenta,Angeneta
Angentie,Agnietie
Angentien,Agnietie
Angentietie,Agnietie
Angentietje,Agnietie
Angie,Ange
Angnietie,Agnietie
Angnitie,Agnietie
Annaatie,Annatie
Annaatje,Annatie
Annaetje,Annatie
Annaje,Ange
Annaka,Anneke
Annake,Anneke
Annaken,Anneke
Annameria,Anna Maria
Annanitie,Annatie
Ann,Anna
Annatche,Annaitche
Annate,Annatie
Annatie,Annatie
Annatien,Annatie
Annatje,Annatie
Annatjen,Annatie
Annatye,Annatie
Annche,Annaitche
Anne,Anna
Annecken,Anneke
Anneite,Annatie
Annek,Anneke
Anneken,Anneke
Annenitie,Annatie
Annet,Annatie
Annetie,Annatie
Annetien,Annatie
Annetje,Annatie
Annetye,Annatie
Anni,Anna
Annias,Ananias
Annica,Anneke
Annicke,Anneke
Annie,Anna
Annietie,Annatie
Annitie,Annatie
Annitje,Annatie
Ann Mary,Anna Maria
Annnatie,Annatie
Anntie,Annatie
Anny,Anna
Ante,Annatie
Antenette,Annatie
Anthoine,Anthony
Anthoni,Anthony
Anthonie,Anthony
Anthonis,Anthonius
Anthonoi,Anthony
Anthony,Antoine
Antie,Annatie
Antje,Annatie
Antone,Antoine
Antonetto,Anthonetta
Antoni,Antony
Antonie,Antoine
Antonius,Antony
Antony,Antoine
Antye,Annatie
Any,Anna
Apalonia,Apollonia
Apalony,Apollonia
Apelonia,Apollonia
Aplonia,Apollonia
Aplony,Apollonia
Apollonian,Apollonia
Apollonie,Apollonia
Apollony,Apollonia
Apolloonia,Apollonia
Apolonia,Apollonia
Apoloni,Apollonia
Apolonie,Apollonia
Apolony,Apollonia
Appalonia,Apollonia
Appalony,Apollonia
Appelonia,Apollonia
Applona,Apollonia
Applonia,Apollonia
Applonie,Apollonia
Applony,Apollonia
Appollonia,Apollonia
Appolonia,Apollonia
Archebald,Archibald
Archelas,Archelaus
Areaantie,Ariaantie
Areaentie,Ariaantie
Areantie,Ariaantie
Aren,Aaron
Arenout,Aarnout
Arent,Arend
Arentie,Ariaantie
Ares,Aries
Ariaante,Ariaantie
Ariaantje,Ariaantie
Ariaaritie,Ariaantie
Ariaen,Arien
Ariaent,Ariaantie
Ariaentie,Ariaantie
Ariaentje,Ariaantie
Arianntje,Ariaantie
Ariante,Ariaantie
Ariantie,Ariaantie
Ariantje,Ariaantie
Arianus,Ariannus
Arien,Aaron
Arientje,Ariaantie
Ariie,Arie
Aris,Aries
Arjaentie,Ariaantie
Arnhout,Aarnout
Arnout,Aarnout
Arnt,Arend
Aron,Aaron
Arriaantie,Ariaantie
Arriaantje,Ariaantie
Arriaent,Ariaantie
Arriaentie,Ariaantie
Arriaentje,Ariaantie
Arriantie,Ariaantie
Arriantje,Ariaantie
Arriarntje,Ariaantie
Arrientie,Ariaantie
Arrisantie,Arisantie
Arriyaentie,Ariaantie
Aryaantie,Ariaantie
Aryaennis,Ariannus
Aryannis,Ariannus
Aryantie,Ariaantie
Ary,Arie
Aryje,Arie
Asseurus,Ahasuerus
Assuerus,Ahasuerus
Assurerus,Ahasuerus
Asueres,Ahasuerus
Asuerus,Ahasuerus
Asureus,Ahasuerus
Asuwerus,Ahasuerus
Augenitie,Agnietie
Augustes,Augustus
Augustyn,Augustin
Aunah,Anna
Baarent,Barent
Baartie,Baertie
Baata,Bata
Baefje,Baafje
Baetie,Baetie
Baltes,Baltus
Balthasar,Balthazar
Balthas,Baltus
Balthazarus,Balthazar
Balthazarvan,Balthazar
Balthazer,Balthazar
Balthus,Baltus
Baltis,Baltus
Banjamin,Benjamin
Banjamine,Benjamin
Baranicka,Barnicke
Barant,Barent
Barbaara,Barbara
Barbaer,Barbara
Bar,Barbara
Barbar,Barbara
Barbary,Barbara
Barbera,Barbara
Barber,Barbara
Barbertie,Barbara
Barbery,Barbara
Barend,Barent
Barendt,Barent
Barenicke,Barnicke
Barentie,Barent
Barentje,Barent
Barnard,Bernardus
Barnardus,Bernardus
Barnerdis,Bernardus
Barnet,Barent
Barnicke,Barnicke
Barnt,Barent
Barranicke,Barnicke
Barthel,Bartel
Bartholemeus,Bartholomeus
Bartholomeu,Bartholomeus
Bartholomew,Bartholomeus
Bartolomus,Bartholomeus
Bastaien,Bastien
Bastiaan,Sebastian
Bastiaen,Bastien
Bastien,Bastien
Bata,Baetie
Batha,Bata
Batie,Baetie
Beartie,Baertie
Beatris,Beatrix
Beeletie,Beletie
Beeletje,Beletie
Beelitie,Beletie
Beeltie,Beletie
Beertie,Baertie
Befje,Baafje
Beletye,Beletie
Belietie,Beletie
Belitie,Beletie
Belitje,Beletie
Belitye,Beletie
Bellitje,Beletie
Belytie,Beletie
Belytje,Beletie
Benajmin,Benjamin
Benhamin,Benjamin
Beniamen,Benjamin
Beniamin,Benjamin
Benjaman,Benjamin
Benjam,Benjamin
Benjamen,Benjamin
Benjamim,Benjamin
Benjemen,Benjamin
Benyamen,Benjamin
Bernardes,Bernardus
Bernardus,Bernardus
Bernhard,Bernardus
Bernhardus,Bernardus
Berranecke,Barnicke
Beta,Bata
Beti,Bata
Betie,Ebbetie
Betje,Bata
Betsey,Betsy
Bettie,Bata
Betty,Baetie
Borgen,Bergen
Borger,Burger
Bouden,Boudewyn
Brachje,Brechie
Brachy,Brechie
Bracky,Brechie
Brand,Brant
Brant,Barent
Brechee,Brechie
Brechje,Brechie
Brechtie,Brechie
Brechye,Brechie
Breggie,Brechie
Breghie,Brechie
Breghye,Brechie
Bregie,Brechie
Bregje,Brechie
Bregtie,Brechie
Bregye,Brechie
Brejge,Brechie
Brion,Brian
Britser,Briset
Bryne,Breyne
Caatharina,Catharina
Caatharine,Catharina
Caatie,Katie
Caetie,Katie
Cahtarina,Catharina
Calep,Caleb
Calip,Caleb
Calyntje,Catalina
Canastazie,Canastazy
Canasthazy,Canastazy
Canistazy,Canastazy
Capiteyn,Captain
Carharina,Catharina
Carlotte,Charlotte
Carnelius,Cornelius
Carol,Carel
Carste,Carsten
Carstian,Carsten
Carstiena,Christina
Carstina,Christina
Carstyntie,Christina
Cartrina,Catharina
Caspares,Caspar
Casparis,Caspar
Casparus,Caspar
Casper,Caspar
Casperis,Caspar
Casperus,Caspar
Catal,Catalina
Catalentja,Catalina
Cataleyna,Catalina
Catalientie,Catalina
Catalina,Catalina
Cataline,Catalina
Catalintie,Catalina
Catalyna,Catalina
Catalyn,Catalina
Catar,Catharina
Catareyna,Catharina
Catarina,Catharina
Catarine,Catharina
Cat,Catalina
Cateleyntie,Catalina
Cateleyntje,Catalina
Catelina,Catalina
Catelyna,Catalina
Catelyn,Catalina
Catelyntie,Catalina
Catelyntje,Catalina
Cath.,Catharina
Cathaarina,Catharina
Cathal,Catalina
Cathalena,Catalina
Cathaleyntje,Catalina
Cathalina,Catalina
Cathalintie,Catharina
Cathalyna,Catalina
Cathalyn,Catalina
Cathalyne,Catalina
Cathalynte,Catalina
Cathalyntje,Catharina
Cathalytttie,Catalina
Cathar,Catharina
Catharena,Catharina
Cathareyna,Catharina
Cathareyntie,Catharina
Catharia,Catharina
Catharian,Catharina
Cathariena,Catharina
Catharien,Catharina
Catharientie,Catharina
Catharin,Catharina
Catharine,Catharina
catharine,Catharina
Catharins,Catharina
Catharma,Catharina
Catharme,Catharina
Catharna,Catharina
Catharyna,Catharina
Catharyn,Catharina
Catharyntie,Catharina
Catharyntje,Catharina
Cath,Catharina
Cathelyntie,Catharina
Catherina,Catharina
Catherin,Catharina
Catherine,Catharina
Cathlina,Catalina
Cathlyntie,Catalina
Cathrientie,Catharina
Cathrina,Catharina
Cathrine,Catharina
Cathryna,Catharina
Cathryn,Catharina
Cathryntie,Catharina
Cathy,Catharina
Catie,Katie
Catje,Katie
Catleintie,Catalina
Catlejntje,Catalina
Catlena,Catalina
Catleyntie,Catalina
Catlina,Catalina
Catline,Catalina
Catlintje,Catalyntje
Catlyna,Catalina
Catlyn,Catalina
Catlyntie,Catalina
Catlyntije,Catalina
Catlyntje,Catalina
Catlytie,Catalina
Catrayna,Catharina
Catr,Catharina
Catreina,Catharina
Catreintie,Catharina
Catreyna,Catharina
Catreyntje,Catharina
Catriena,Catharina
Catrienie,Catharina
Catrientie,Catharina
Catrientien,Catharina
Catrientye,Catharina
Catrina,Catharina
Catrin,Catharina
Catrinna,Catharina
Catrrina,Catharina
Catryna,Catharina
Catryn,Catharina
Catryntie,Catharina
Catryntje,Catharina
Cattarina,Catharina
Catteleyntje,Catalina
Cattrina,Catharina
Caty,Catharina
Ceity,Sytie
Celitie,Celia
Cellep,Caleb
Celytie,Celitie
Charel,Charles
Chareles,Charles
Charelott,Charlotte
Charels,Charles
Charl,Charles
Charlois,Charles
Charlotta,Charlotte
Charretty,Charity
Charrite,Charity
Charsten,Carsten
Charston,Carsten
Chasper,Caspar
Chatarina,Catharina
Chataryna,Catharina
Chat,Catharina
Chatharina,Catharina
Chath,Catharina
Cherl,Charles
Cherrety,Charity
Cherritie,Charity
Chieltie,Gelitie
Chr,Christina
Chrescyntie,Christina
Chrestena,Christina
Christana,Christina
Christeen,Christina
Christena,Christina
Christeyntje,Christina
Christeytje,Christina
Christiaan,Christian
Christiaen,Christian
Christiana,Christina
Christianna,Christina
Christianus,Christian
Christiena,Christina
Christien,Christina
Christinaa,Christina
Christine,Christina
Christing,Christina
Christisen,Christian
Christoffel,Christofel
Christoffer,Christofer
Christona,Christina
Christophel,Christofel
Christopl,Christofel
Christyna,Christina
Christyn,Christian
Christyntie,Christina
Christyntje,Christina
Chrstiaen,Christian
Chrystyn,Christina
Cilia,Celia
Cinthia,Cynthia
Claartje,Claartie
Claas,Claes
Claase,Claes
Claasie,Clasje
Claasje,Claes
Claeertie,Claartie
Claertie,Claartie
Claertye,Claartie
Claesje,Claes
Claesye,Claes
Clartie,Claartie
Clartje,Claartie
Clartye,Claartie
Claus,Claes
Clausie,Claes
Clyn,Cleyn
Cobe,Koobes
Cobus,Koobes
Coenraad,Conrad
Coenraadt,Conrad
Coenraat,Conrad
Coenradis,Conrad
Coenradt,Conrad
Coenradus,Conrad
Coenraed,Conrad
Coenraedt,Conrad
Coenraet,Conrad
Conradus,Conrad
Coobes,Koobes
Coonraat,Conrad
Coonradt,Conrad
Coonraet,Conrad
Coonrath,Conrad
Corcet,Corset
Corenlila,Cornelia
Corneiis,Cornelius
Cornel,Cornelius
Cornelea,Cornelia
Corneleia,Cornelia
Corneles,Cornelius
Corneleya,Cornelia
Cornelies,Cornelius
Cornelila,Cornelia
Cornelis,Cornelius
Cornelisje,Cornelius
Cornelisvan,Cornelius
Cornellia,Cornelia
Cornellis,Cornelius
Cornells,Cornelius
Cornelus,Cornelius
Cornelya,Cornelia
Cornilis,Cornelius
Cornliae,Cornelia
Cornlis,Cornelius
Cornlius,Cornelius
Corns,Cornelius
Cozyn,Cosyn
Crestean,Christina
Crestena,Christina
Crestiena,Christina
Crestina,Christina
Cretche,Gretche
Cretia,Lucretia
Crhistina,Christina
Cristaen,Christian
Cristeaen,Christian
Cristena,Christina
Cristiaan,Christian
Cristiaen,Christian
Cristina,Christina
Cristoffel,Christofel
Cristyntie,Christina
Cronelia,Cornelia
Cuiertie,Cuniertie
Cuniertie,Cuniertie
Cytie,Sytie
Dabora,Deborah
Damas,Thomas
Danel,Daniel
Daniels,Daniel
Danile,Daniel
Danill,Daniel
Dannel,Daniel
Danniel,Daniel
Danyel,Daniel
Davet,David
Davidt,David
Davit,David
Debbera,Deborah
Debbora,Deborah
Deb,Deborah
Deborah,Deborah
Deborra,Deborah
Debra,Deborah
Debrah,Deborah
Debroa,Deborah
Deleferens,Deliverence
Deleverins,Deliverence
Delifferens,Deliverence
Delifferins,Deliverence
Denis,Dennis
Dennel,Daniel
Dercjee,Dirckje
Derckje,Dirckje
Dercktje,Dercktie
Dereck,Derck
Derik,Derick
Derk,Dirk
Derreck,Derck
Derrick,Derck
Deverens,Deliverence
Devorah,Deborah
Dewer,Diewer
Diaan,Dinah
Diana,Dinah
Dianah,Dinah
Dianna,Dinah
Dibra,Deborah
Dierckje,Dirk
Dieuwertie,Diewerte
Diever,Diewerte
Dievertje,Diewerte
Dieweer,Diewer
Dieweerte,Diewerte
Dieweertie,Diewerte
Dieweertje,Diewerte
Diewerte,Diewer
Diewertie,Diewerte
Diewertje,Diewerte
Dina,Dinah
Dirck,Derck
Dircketie,Dercktie
Dirckie,Dirckje
Dirckrick,Dirkrick
Dircky,Dirk
Dirkje,Dirk
Dirreck,Dirk
Dirrick,Dirk
Dirricke,Dirk
Dirrickye,Dirk
Dirrik,Dirk
Divertie,Diewerte
Divevertje,Diewerte
Diweertie,Diewerte
Diwer,Diewer
Diwertie,Diewerte
Djbra,Deborah
Dominco,Domingo
Donia,Dinah
Doortie,Dorothea
Doratha,Dorothea
Dorathea,Dorothea
Dorathe,Dorothea
Dorathee,Dorothea
Dor,Dorothea
Doreta,Dorothea
Dorete,Dorothea
Dorethea,Dorothea
Dorethe,Dorothea
Dorethee,Dorothea
Dorette,Dorothea
Dorithea,Dorothea
Dorithe,Dorothea
Dorithy,Dorothea
Doriti,Dorothea
Doritie,Dorothea
Dority,Dorothea
Dorotha,Dorothea
Dorothe,Dorothea
Dorothee,Dorothea
Dorothy,Dorothea
Dorthea,Dorothea
Dorthia,Dorothea
Dosy,Docia
Douwe,Douw
Dowe,Douw
dreck,Derck
Drothea,Dorothea
Durck,Dirk
Durckie,Dirkie
Durcktie,Dercktie
Dwierte,Diewerte
Dyrck,Dirk
Dyrick,Dirk
Dyrk,Dirk
Ebbegal,Abigail
Ebbegel,Abigail
Ebbitie,Ebbetie
Ebegel,Abigail
Ebertie,Ebbertie
Ebiegel,Abigail
Ebigl,Abigail
Ecbert,Egbert
Echtje,Aagtie
Eckbert,Egbert
Eckbertie,Ebbertie
Edman,Edmond
Eduaart,Edward
Eduard,Edward
Eduart,Edward
Eduert,Edward
Eduward,Edward
Eduwart,Edward
Eduwert,Edward
Edwaerd,Edward
Edwaerdt,Edward
Edwardt,Edward
Eelsie,Elsie
Eeme,Emie
Eemetie,Emmetie
Eevert,Evert
Efa,Eva
Effee,Eva
Effe,Eva
Effy,Eva
Efie,Eva
Efije,Eva
Efje,Eva
Efraim,Epharim
Efter,After
Efye,Eva
Egberth,Egbert
Eghbert,Egbert
Eghje,Egje
Eghy,Aegie
Egie,Aegie
Egien,Agien
Ehsabeth,Elizabeth
Ehzabeth,Elizabeth
Eida,Ida
Eiede,Iede
Eifje,Eva
Eiizabeth,Elizabeth
Eilsjen,Elsie
Eisther,Esther
Eitie,Eytje
Eitye,Eytje
Eizabeth,Elizabeth
Ejtje,Eytje
Elbert,Albert
Elbertie,Albertie
Eleaner,Elenor
Eleanir,Elenor
Eleanor,Elenor
Eleena,Elena
Elena,Elena
Eleonoor,Elenor
Eleonora,Elenor
Eleonore,Elenor
Eleonor,Elenor
Eleyas,Elias
Eleysabet,Elizabeth
Elezabath,Elizabeth
Elgeltie,Engeltie
Elice,Alice
Elida,Alida
Elie,Elia
Eliesabet,Elizabeth
Eliesabeth,Elizabeth
Eliezabet,Elizabeth
Eliezabeth,Elizabeth
Elilzabet,Elizabeth
Elina,Elena
Elinor,Elenor
Elisaabeth,Elizabeth
Elisab,Elizabeth
Elisabet,Elizabeth
Elisabetha,Elizabeth
Elisabeth,Elizabeth
Elisabt,Elizabeth
Elisabth,Elizabeth
Elisa,Eliza
Elisaib,Elizabeth
Elisbeth,Elizabeth
Elisebeth,Elizabeth
Elis,Elizabeth
Eliszabet,Elizabeth
Elizabbeth,Elizabeth
Elizab,Elizabeth
Elizaberth,Elizabeth
Elizabet,Elizabeth
Elizabth,Elizabeth
Eliza,Elizabeth
Elizbet,Elizabeth
Elizebeth,Elizabeth
Eliz,Elizabeth
Eljias,Elias
Ellenar,Elenor
Ellen,Elena
Ellener,Elenor
Ellenor,Elenor
Elleonora,Elenor
Ellin,Elena
Ellisabet,Elizabeth
Ellisabeth,Elizabeth
Ellizabeth,Elizabeth
Ellyaen,Elena
Ellzabeth,Elizabeth
Elngeltie,Engeltie
Elsabeth,Elizabeth
Elsebet,Elizabeth
Elsebeth,Elizabeth
Else,Elsie
Els,Elsie
Elsey,Elsie
Elshe,Elsie
Elshey,Elsie
Elshie,Elsie
Elshi,Elsie
Elsje,Elsie
Elsjen,Elsje
Elsjens,Elsjen
Elsjer,Elsie
Elspy,Elspie
Elssie,Elsie
Elsybet,Elizabeth
Elyas,Elias
Elysabet,Elizabeth
Elysabeth,Elizabeth
Elyzabet,Elizabeth
Elyzabeth,Elizabeth
Elyz,Elizabeth
Elzabeth,Elizabeth
Elzebet,Elizabeth
Elzebeth,Elizabeth
Elzee,Elsie
Elz,Elizabeth
Emerensje,Emerencia
Emerentia,Emerencia
Emetie,Emmetie
Emgeltie,Engeltie
Emmen,Ammon
Emmerens,Emerencia
Emmerensje,Emmerentia
Emmerentie,Emmerentia
Emmie,Emma
Emmigje,Emmetie
Emmitie,Emmetie
Emy,Amy
Engeeltie,Engeltie
Engelite,Engeltie
Engelt,Engeltie
Engeltien,Engeltie
Engeltje,Engeltie
Engeltye,Engeltie
Eng,Engeltie
Engiel,Engel
Englebert,Engelbert
Engletie,Engeltie
Engltie,Engeltie
Ennem,Enam
Entenie,Antony
Ephraim,Epharim
Ersula,Resula
Esajas,Isaiah
Ester,Esther
Euwout,Ewouwd
Evah,Eva
Evart,Evert
Evatje,Eva
Eve,Eva
Everadrus,Everardus
Everadus,Everardus
Everd,Evert
Everdt,Evert
Everhardas,Everardus
Everhardus,Everardus
Evie,Eva
Evje,Eva
Ewoud,Ewouwd
Ewout,Ewouwd
Experence,Experience
Expierence,Experience
Expierens,Experience
Expirens,Experience
Expirience,Experience
Expiriens,Experience
Eybetie,Ebbetie
Eyke,Eck
Eytche,Eytje
Eyte,Ida
Eytie,Ida
Eytye,Ida
Febe,Phoebe
Febie,Phoebe
Feitie,Feytie
Feitjy,Feytie
Feitye,Feytie
Femmeetje,Femmetie
Femmetie,Emmetie
Femmetje,Femmetie
Femmettie,Femmetie
Femmtje,Femmetie
Fenne,Fanny
Fennetie,Femmetie
Fenny,Fanny
Ferandus,Fernandus
Ferdinandus,Ferdinand
Fermandus,Fernandus
Fernandus,Fernandus
Feronica,Veronica
Feyte,Feytie
Feythie,Feytie
Feytien,Feytie
Feytje,Feytie
Feytye,Feytie
Fictoor,Victor
Fiedje,Feytie
Fiedtie,Feytie
Fielander,Philander
Fietie,Feytie
Fietje,Feytie
Fietye,Feytie
Fieytie,Feytie
Filip,Philip
Fitie,Feytie
Florus,Floris
Foebie,Phoebe
Foeby,Phoebe
Folckert,Volkert
Folkerd,Volkert
Folkert,Volkert
Folkie,Volkie
Folkje,Volkie
Folky,Volkie
France,Frances
Franceyntie,Frances
Francine,Francina
Franciskus,Franciscus
Franckje,Francina
Francois,Francis
Francoy,Franck
Francyna,Francina
Francyn,Francina
Francyntie,Francientie
Frans,Francois
Fransoys,Francois
Fransyntie,Francientie
Fransyntje,Francientie
Frany,Frena
Fredeerick,Frederick
Frederich,Frederick
Frederik,Frederick
Frederyk,Frederick
Fred,Frederick
Fredreck,Frederick
Fredr,Frederick
Fredrich,Frederick
Fredrick,Frederick
Fredrik,Frederick
Freedrik,Frederick
Freena,Frena
Freenie,Frena
Frences,Frances
Frencis,Francis
Frenck,Franck
Frenkie,Frankje
Frensis,Francis
Frerick,Frederick
Frerik,Frederick
Friderich,Frederick
Frina,Frena
Frona,Frena
Fronica,Veronica
Frony,Frena
Frouwtie,Vrouwtie
Frowtie,Vrouwtie
Fryna,Frena
Fydje,Fiedje
Fydtie,Feytie
Fytie,Feytie
Fytje,Feytje
Fytjen,Feytie
Fytye,Feytie
Garretie,Garritie
Garrit,Garret
Gaultherus,Gualtherus
Geerhardus,Gerardus
Geerit,Geertie
Geeritie,Geertie
Geerje,Geertie
Geerjte,Geertie
Geersje,Geesie
Geertd,Geertie
Geerte,Geertie
Geerteruy,Geertruy
Geerterye,Geertie
Geert,Geertruy
Geerthruy,Geertruy
Geertray,Geertruy
Geertrey,Geertruy
Geertr,Geertruy
Geertruda,Gertrud
Geertrud,Gertrud
Geertrui,Gertrud
Geertruite,Geertruy
Geertruit,Gertrud
Geertrury,Gertrud
Geertruw,Geertruy
Geertruyda,Gertrud
Geertruyde,Gertrud
Geertruyd,Geertruy
Geertruydje,Gertrud
Geertruydt,Gertrud
Geertruy,Geertie
Geertruyt,Geertruy
Geertry,Geertruy
Geertryt,Gertrud
Geertuid,Gertrud
Geertuit,Gertrud
Geerturid,Gertrud
Geerturit,Gertrud
Geertuyda,Gertrud
Geertuyd,Geertie
Geertuy,Geertie
Geertye,Geertie
Geesa,Geesie
Geese,Geesje
Geesha,Geesie
Geeshe,Geesie
Geesje,Geesie
Geesjie,Geesie
Geeske,Geesie
Geesknana,Geesie
Geessie,Geesie
Geesye,Geesje
Geetruid,Gertrud
Geetruy,Geertruy
Gelante,Gelenta
Gelein,Gelyn
Geleyn,Gelyn
Gemina,Jemina
Geneveva,Genevieve
Genevieva,Genevieve
Georgie,Jurge
Georgius,Gregorius
Georgy,Jurge
Gerardus,Gerardus
Gerbrant,Gerbrandt
Gererd,Gerardus
Geretje,Geertje
Gerhard,Gerardus
Gerhardus,Gerardus
Geritie,Geertie
Geroge,Jurge
Gerradus,Gerardus
Gerrardus,Gerardus
Gerrebrech,Gerbregt
Gerrebrecht,Gerbregt
Gerreetie,Geertie
Gerretie,Geertie
Gerretje,Geertie
Gerretjr,Gerrtie
Gerridt,Gerrit
Gerritie,Geertie
Gerritje,Greitje
Gerrittie,Geertie
Gerritye,Geertie
Gerrt,Geertruy
Gerrtie,Geertie
Gerrti,Gerrit
Gerrtje,Gerrtie
Gert,Gerret
Gertje,Geertie
Gertray,Geertruy
Gertrey,Geertruy
Gertrude,Gertrud
Gertrud,Gertrud
Gertruid,Gertrud
Gertrui,Geertruy
Gertruit,Gertrud
Gertruyd,Geertruy
Gertruy,Geertie
Gerturit,Gertrud
Gerturitie,Geertruy
Gesie,Geesie
Gesje,Geesie
Gessje,Geesje
Gesyntie,Josinta
Getruyd,Gertrud
Getty,Katie
Geurtje,Geertie
Geysbert,Gysbert
Gidion,Gideon
Gielam,Gileam
Giertee,Geertie
Giertie,Geertie
Gilam,Gileam
Gilles,Jellis
Gillis,Jellis
Gilyaem,Gileam
Glorena,Gloriana
Glorianna,Gloriana
Godfree,Godfrey
Godfries,Godfrey
Godfri,Godfrey
Godtfri,Godfrey
Godvrees,Godfrey
Gooris,Gorus
Goosen,Gosen
Gorge,George
Gosyntie,Gosewyntie
Gothfree,Godfrey
Gouverneur,Gouveneur
Gozen,Gosen
Grache,Grace
Greertruy,Geertruy
Greesje,Geesje
Greetie,Geertie
Greetruy,Geertruy
Gregoris,Gregorius
Gregory,Gregor
Greitie,Geertie
Greitien,Grietien
Greitje,Geertie
Greitye,Geertie
Gretie,Geertie
Gretje,Geertie
Grieite,Geertie
Griesse,Grees
Grieten,Grietien
Griet,Grietien
Grietie,Geertie
Grietje,Geertie
Griettie,Geertie
Grietye,Geertie
Grirtie,Grieite
Gritie,Grieite
Gryte,Geertie
Grytje,Greitje
Gualterus,Gualtherus
Gualtherius,Gualtherus
Gualtheurs,Gualtherus
Gubartus,Hubartus
Guert,Geurt
Guesje,Geesje
Guiliaan,Kiliaan
Guiliam,William
Guiljam,William
Guilliam,William
Guisbert,Gysbert
Guliam,William
Gussein,Gishum
Gysbart,Gysbert
Gysberdt,Gysbert
Gysbert,Gysbert
Gysbertie,Gerbertie
Gysbertus,Gysbert
Gysbrecht,Gisbrecht
Gysbrt,Gysbert
Gysie,Geesie
Haarman,Harman
Haerman,Harmen
Haggaeus,Haggeus
Haggaus,Haggeus
Hanatie,Hannatie
Handerycus,Hendrik
Hannaatie,Hannah
Hanna,Hannah
Hannatie,Annatie
Hannerich,Henrich
Hannes,Johannes
Hannetie,Hannah
Hannetta,Hannah
Hannis,Hans
Hanriatte,Henrietta
hanus,Johannes
Haramanis,Harmanus
Haramanus,Harmanus
Harck,Herrick
Hareantie,Henrietta
Hariaantie,Ariaantie
Hariantie,Ariaantie
Hariot,Harriet
Harke,Herrick
Hark,Herrick
Harklis,Hercules
Harmanes,Harmanus
harman,Harman
Harmanis,Harmanus
Harmannus,Harman
Harmantis,Harman
Harmanus,Harman
Harme,Harmanus
Harmen,Harman
Harmeyntie,Harmentie
Harm,Harmanus
Harmina,Hermina
Harmon,Harman
Harmpje,Harmentie
Harmptie,Harmentie
Harms,Harmanus
Harmtie,Harmentie
Harreck,Herrick
Harriantie,Ariaantie
Harrick,Herrick
Harrietta,Harriet
Harriot,Harriet
Harritie,Harriet
Hary,Harry
Hasaal,Hasuel
Hasael,Hasuel
Hazael,Hasuel
Hazuel,Hasuel
Heeltie,Hilletie
Heilje,Aalje
Heiltie,Hilletie
Helelna,Helena
Helenaa,Helena
Helene,Helena
Helen,Helena
Hel,Hill
Hellehontie,Hildegond
Hellena,Helena
Hellen,Helena
Helletie,Hilletie
Helletje,Hilletie
Hellitie,Hilletie
Hellitje,Hilletie
Helltie,Hilletie
Helmech,Helmich
Helmeg,Helmich
Helmerz,Helmer
Helmig,Helmich
Helmigh,Helmich
Helmus,Wilhelm
Henddrick,Hendrick
Henderck,Hendrick
Henderica,Hendrika
Henderic,Hendrick
Henderick,Hendrick
Henderickje,Hendrika
Henderickus,Hendericus
Henderickye,Hendrick
Hendericus,Hendrick
Henderik,Hendrick
Henderikje,Hendrika
Henderikus,Hendericus
Henderikye,Hendrick
Hendrekus,Hendericus
Hendrica,Hendrika
Hendric,Hendrick
Hendricka,Hendrika
Hendricke,Hendrick
Hendrickie,Hendrika
Hendrickje,Hendrick
Hendricks,Hendrick
Hendrickus,Hendrick
Hendrickye,Hendrick
Hendricus,Hendericus
Hendricxje,Hendrika
Hendrike,Hendrika
Hendrik,Hendrick
Hendrikje,Hendrika
Hendrikus,Hendrik
Henkje,Hendricka
Henne,Hannah
Hennericca,Heneriche
Hennerich,Henrich
Hennes,Johannes
Henrey,Henry
Henr,Henry
Henrica,Hendrika
Henrick,Hendrick
Henricus,Henrich
Henriette,Henrietta
Henri,Henry
Henrika,Henrich
Henrik,Henrich
Henrikje,Henrich
Henryka,Henrich
Henrykus,Henrikus
Herbert,Harpert
Herck,Herrick
Hericus,Ericus
Herkulus,Hercules
Herman,Harmen
Hermanse,Harmanus
Hermanus,Harmanus
Hermen,Harman
Hermentie,Harmentie
Herms,Harmanus
Hermtie,Harmtie
Hernan,Harman
Herrey,Harry
Herrik,Herrick
Herry,Harry
Hertman,Hartman
Hesther,Hester
Hest,Hester
Hesth,Hester
Hetty,Hettie
Heubartis,Hubartus
Heugh,Hugh
Heuwe,Hugh
Heyltie,Hilletie
Heyltje,Hilletie
Hezechiah,Hezekiah
Hibertie,Hubertie
Hielletie,Hilletie
Hieroninimus,Jeronimus
Hieronymus,Jeronimus
Hiiletie,Hilletie
Hiliitie,Hilletie
Hillegonda,Hildegond
Hillegonde,Hildegond
Hillegond,Hildegond
Hillegondt,Hildegond
Hillegon,Hildegond
Hillegont,Hildegond
Hilletje,Hilletie
Hillitie,Hilletie
Hillitje,Hilletie
Hillitye,Hilletie
Hilltie,Hilletie
Hiltie,Hilletie
Hiszechia,Hezekiah
Hitchin,Hitchen
Hopie,Hope
Hoseph,Joseph
Huibertie,Hubertie
Huig,Hugo
Huldah,Hulda
Hunlocke,Hunlock
Hunloke,Hunlock
Hunlok,Hunlock
Huwee,Hugh
Huybartus,Hubartus
HuyBartus,Hubartus
Huybertie,Hubertie
Huyck,Hugo
Huyge,Hugh
Huyg,Hugo
Huyltie,Hilletie
Hybertie,Hubertie
Hyla,Heyla
Hyltie,Hilletie
Ibel,Abel
Icabod,Ichabod
Ickabod,Ichabod
Ide,Ida
Idie,Ida
Ietie,Tietie
Imme,Emma
Immetie,Emmetie
Immety,Emmetie
Ingenatie,Agnietie
Isaack,Isaac
Isaacq,Isaac
Isaak,Isaac
Isabella,Isabel
Isabelle,Isabel
Isabell,Isabel
Isac,Isaac
Isack,Isaac
Isak,Isaac
Isebel,Isabel
Issaac,Isaac
Issac,Isaac
Issak,Isaac
Itje,Eitje
Izak,Isaac
Jaapje,Jaepje
Jacabus,Jacob
Jacameyntie,Jacomin
Jacemyntie,Jacomin
Jackameyntie,Jacomin
Jackemyntie,Jacomin
Jacoba,Jacob
Jacobes,Jacobus
Jacobia,Jacoba
Jacobje,Jacoba
Jacobomntie,Jacomin
Jacobs,Jacob
Jacobus,Jacob
Jacomentje,Jacomin
Jacomeyntie,Jacomin
Jacomeyntje,Jacomin
Jacomina,Jacomin
Jacomintie,Jacomin
Jacom,Joachim
Jacomyna,Jacomin
Jacomyne,Jacomin
Jacomyn,Jacomin
Jacomynta,Jacomin
Jacomynte,Jacomin
Jacomyntie,Jacomin
Jacomynti,Jacomin
Jacomyntje,Jacomin
Jacoubs,Jacobus
Jacquemyntie,Jacomin
Jacques,Jack
Jacquis,Jacques
Jacqyes,Jacques
Jaemes,James
Jaems,James
Jaen,John
Jaepie,Jaepje
Jahannah,Johanna
Jakamyntie,Jacomin
Jakemyntie,Jacomin
Jakoba,Jacoba
Jakob,Jacob
Jakobus,Jacobus
Jakomyntie,Jacomin
Jamima,Jemima
Janantje,Jannitie
Janatie,Jannitie
jane,Jane
Janeje,Jane
Janeka,Janneke
Janeke,Janneke
Janeken,Janneke
Janetche,Janche
Janetie,Jannitie
Janetje,Jannitie
Janettye,Jannitie
Janetye,Jannitie
Janiette,Jannitie
Jan,Jane
Jannaetje,Jannitie
Janna,Janneke
Jannake,Janneke
Jannatie,Jannitie
Janneje,Jannitie
Jannejte,Jannitie
Janneken,Janneke
Jannerje,Jannitie
Jannes,Johannes
Jannetan,Jonathan
Jannete,Jannitie
Janneteje,Jannitie
Jannethe,Jannitie
Jannetie,Jannitie
Jannetien,Jannitie
Janneties,Jannitie
Jannet,Jannitie
Jannetje,Jannitie
Jannetjy,Jannitie
Jannettie,Jannitie
Jannettye,Jannitie
Jannetye,Jannitie
Jannietie,Jannitie
Janni,Jany
Jannike,Janneke
Jannite,Jannitie
Jannitie,Jannitie
Jannitje,Jannitie
Jannittie,Jannitie
Jannittye,Jannitie
Jannitye,Jannitie
Jannneke,Janneke
Jannnetie,Jannitie
Janntie,Jannitie
Jantie,Jannitie
Jany,Jan
Jaquemina,Jacomin
Jaquemynte,Jacomin
Jaquemyntie,Jacomin
Jaquemytie,Jacomin
Jaques,Jacques
Jeames,James
Jeams,James
Jeane,Jeanne
Jede,Judy
Jeemes,James
Jeems,James
Jefta,Jephta
Jeifie,Eva
Jek,Jack
Jelant,Jelante
Jelis,Jellis
Jelletie,Hilletie
Jellis,Jellis
Jemes,James
Jemima,Jemina
Jemine,Jemina
Jemmea,Jemima
Jems,James
Jemyne,Jemina
Jene,Jane
Jeneveva,Genevieve
Jenie,Jenni
Jenneke,Jannitie
Jenneken,Janneke
Jennetie,Jannitie
Jennet,Jannitie
Jennetje,Jannitie
Jennhy,Jenny
Jennickje,Janneke
Jennike,Janneke
Jennith,Jenneth
Jennitie,Jannitie
Jennit,Jenny
Jeny,Jenny
Jeptha,Jephta
Jeramiaeh,Jeremiah
Jeramius,Jeremiah
Jeremia,Jeremiah
Jeremias,Jeremiah
Jeremie,Jeremiah
Jerem,Jeremiah
Jeremmias,Jeremiah
Jeremus,Jeremiah
Jeremyas,Jeremiah
Jeremy,Jeremiah
Jeren,Jurian
Jerimia,Jeremiah
Jerimias,Jeremiah
Jerissa,Jerusha
Jermyas,Jeremiah
Jermy,Jeremiah
Jeroen,Jurian
Jeromia,Jeremiah
Jeromus,Jeremiah
Jeronomus,Jeronimus
Jeronumus,Jeronimus
Jeronymus,Jeronimus
Jeroom,Jeremiah
Jerusa,Jerusha
Jesabel,Jezebel
Jesaia,Josias
Jesajas,Isaiah
Jeseintje,Josinta
Jesina,Josina
Jessie,Jesse
Jesyna,Josina
Jesyntie,Josinta
Jesyntje,Josinta
Jeurge,Jurge
Jeurgie,Jurge
Jeuriaens,Jurian
Jezyna,Josinta
Jezyntje,Josinta
Jilles,Jellis
Jillis,Jellis
Jo.,Johannes
Joacbus,Jacobus
Joachem,Joachim
Joachum,Joachim
Joanis,Johannes
Joanna,Johanna
Joannis,Johannes
Jocamintie,Jacomin
Jochaim,Joachim
Jocham,Joachim
Jocheemus,Joachim
Jochem,Joachim
Jochim,Joachim
Jochom,Joachim
Jochum,Joachim
Jocomyntie,Jacomin
Jocomyntje,Jacomin
Joeruÿ,Jurie
Joghem,Joachim
Joghemm,Joachim
Johana,Johanna
Johanes,Johannes
Johanis,Johannes
Johan,John
Johannah,Johanna
Johanned,Johannes
Johanne,Johannes
Johanness,Johannes
Johannis,Johannes
Johann,Johannes
Johannnes,Johannes
Johanns,Johannes
Johans,Johannes
Johathan,Jonathan
Joh,Johannes
Johnaton,Jonathan
Johnnetie,Jannitie
Johs,Johannes
Jo,Johannes
Joks,Johannes
Jolanta,Jelante
Jolin,Gelyn
Jonas,Johannes
Jonatan,Jonathan
Jonath,Jonathan
Jonaton,Jonathan
Jones,Jonas
Jonica,Janneke
Jonis,Jonas
Jon,John
Jonthan,Jonathan
Joonje,Jannitie
Jooris,Joris
Jores,Joris
Jorge,George
Jorgen,Jurgen
Jorgien,Jurgen
Joria,Jurie
Jorian,Jurian
Jorus,Joris
Joryjer,Joryer
Jory,Jurie
Josef,Joseph
Josenah,Josina
Josena,Josina
Josephat,Josaphat
Josep,Joseph
Joseyna,Josina
Joseyntie,Josinta
Joshuwah,Joshua
Josia,Josias
Josieh,Josiah
Josiph,Joseph
Josoph,Joseph
Josseyna,Josina
Jost,Joost
Josuah,Joshua
Josyna,Josina
Josyne,Josina
Josyntie,Josinta
Jozie,Josiah
Jude,Judy
Judic,Judike
Judickje,Judike
Judick,Judike
Judie,Judy
Judikje,Judith
Judithe,Judith
Judithje,Judith
Juditie,Judith
Judit,Judith
Juerry,Jurie
Juith,Judith
Juriaan,Jurian
Juriaen,Jurian
Jurien,Jurian
Jurjaan,Jurian
Jurjan,Jurian
Jurjen,Jurgen
Jurj,Jurian
Jur,Jurian
Jurrey,Jurie
Jurriaan,Jurian
Jurrian,Jurian
Jurri,Jurie
Jurrje,Jurge
Jurr,Jurian
Jurryaen,Jurian
Jurryan,Jurian
Jurryen,Jurian
Jurry,Jurie
Jurrÿ,Jurie
Juryan,Jurian
Jurye,Jurie
Juryen,Jurian
Justes,Justus
Kaatie,Katie
Karel,Carel
Karste,Carsten
Karsten,Carsten
Karul,Karel
Katharina,Catharina
Katharyna,Catharina
Kathrina,Catharina
Katrientie,Catharina
Katrina,Catharina
Keetie,Katie
Keetye,Katie
Kelem,Kellem
Kersten,Carsten
Kerstina,Christina
Kezia,Gesche
Kilian,Kiliaan
Kiljaan,Kiliaan
Kiljaen,Kiliaan
Killiaan,Kiliaan
Killian,Kiliaan
Klaartie,Claartie
Klaas,Claes
Klaasje,Clasje
Klaes,Claes
Klase,Claes
Klases,Claes
Klaus,Claes
Kliefje,Clofie
Knelia,Cornelia
Knelis,Cornelius
Knelly,Nelly
Kniertie,Cuniertie
Koenraed,Conrad
Kornelis,Cornelius
Kornelius,Cornelius
Kristien,Christina
Kristina,Christina
Kristoffel,Christofel
Kunira,Cunira
Laantie,Neeltie
Laekje,Lackje
Lambart,Lambert
Lamberth,Lambert
Lambertus,Lambert
Lametie,Lammetie
Lammitie,Lammetie
Lana,Helena
Lanbart,Lambert
Landolphus,Landolph
Larens,Laurence
Laurens,Laurence
Laurent,Laurence
Laurents,Laurence
Laurentz,Laurence
Lauwrence,Laurence
Lauwrens,Laurence
Lavynes,Livinas
Lavynis,Livinas
Lavynus,Livinas
Lawrence,Laurence
Lawrens,Laurence
Layah,Leia
Leah,Leia
Lear,Leia
Ledia,Lydia
Leea,Leia
Leeia,Leia
Leeja,Leia
Leena,Elena
Leenderdt,Leendert
Leender,Leendert
Leend,Leendt
Leenert,Leonard
Leeya,Leia
Leffard,Leffert
Leger,Legaer
Leia,Leia
Leija,Leia
Leja,Leia
Lenaa,Helena
Lena,Helena
Lenah,Helena
Lenora,Elenor
Leonhardt,Leonard
Leonora,Elenor
Lettice,Letitia
Leverence,Deliverence
Leverens,Deliverence
Levinnus,Levinus
Levinus,Lavinus
Levynis,Levinus
Levyntie,Livyntie
Levynus,Livinas
Lewis,Louis
Lewys,Louis
Leya,Leia
Leybetie,Lybetie
Lida,Lydia
Liddy,Lydia
Lidea,Lydia
Lidia,Lydia
Liedea,Lydia
Liedia,Lydia
Liedya,Lydia
Liesabeth,Elizabeth
Liesebet,Elizabeth
Liesebeth,Elizabeth
Liewes,Louis
Lisabet,Elizabeth
Lisabeth,Elizabeth
Lisabth,Elizabeth
Lisbeth,Elizabeth
Lisebeth,Elizabeth
Liverins,Leverens
Livinas,Lavinus
Livynus,Livinas
Lizabeth,Elizabeth
Ljesbeth,Elizabeth
Loas,Lois
Lodeweyk,Lodewick
Lodewyck,Lodewick
Lodewyk,Lodewick
Lodovyck,Lodewick
Lodowyck,Lodewick
Lodowyc,Lodewick
Lodowyk,Lodewick
Lodwick,Lodewick
Loies,Louisa
Lois,Louisa
Loius,Louis
Lommetie,Lammetie
Louerens,Laurence
Louise,Louisa
Lourens,Laurence
Lourents,Laurence
Lourus,Laurus
Louvies,Louis
Louwerens,Laurence
Louwiesje,Louisje
Louwrence,Laurence
Louwrens,Laurence
Lovisy,Lovicy
Lovys,Louis
Lowerens,Laurence
Lowies,Louis
Lowise,Louisa
Lowis,Louis
Lowrence,Laurence
Lowrus,Laurus
Lowys,Louis
Loys,Lois
Luarence,Laurence
Luas,Louis
Lucrecia,Lucretia
Lucretie,Lucretia
Lucritia,Lucretia
Ludia,Lydia
Ludie,Lydia
Ludowich,Lodewick
Ludowick,Lodewick
Ludwigh,Lodewick
Lukas,Lucas
Lumetje,Lammetie
Lussie,Lucy
Lutetia,Letitia
Luwies,Louis
Luycas,Lucas
Luyda,Lydia
Luydje,Lydia
Luykas,Lucas
Luyk,Luke
Luytie,Lydia
Lvbetie,Lybetie
Lybethje,Lybetie
Lydea,Lydia
Lydie,Lydia
Lydis,Lydia
Lyntia,Lyntie
Lysabet,Elizabeth
Lysbet,Elizabeth
Lysbeth,Elizabeth
Lysbethje,Elizabeth
Lysbetie,Elizabeth
Lysebet,Elizabeth
Lysebit,Elizabeth
Lyvynus,Livinas
Maaike,Mayke
Maajeke,Mayke
Maajke,Mayke
Maarten,Marten
Maartie,Maritie
Maarya,Maria
Maarytie,Maria
Maatie,Mattie
Maayeke,Mayke
Maayke,Mayke
Machiel,Michael
Machtal,Machtel
Machteldje,Machtel
Machteld,Matilda
Machteltie,Matilda
Machtelt,Matilda
Machtilda,Matilda
Machtild,Matilda
Madalentie,Magdalena
Madaletie,Magdalena
Madal,Magdalena
Maddaleena,Magdalena
Maddaleentje,Magdalena
Maddalena,Magdalena
Maddeleentje,Magdalena
Madelena,Magdalena
Madgalena,Magdalena
Madjerey,Margriet
Madl,Magdalena
Maes,Maas
Maeyke,Mayke
Magarietie,Margriet
Magariet,Margriet
Magdalana,Magdalena
Magdalane,Magdalena
Magdalan,Magdalena
Magdalean,Magdalena
Magdaleena,Magdalena
Magdaleen,Magdalena
Magdaleentie,Magdalena
Magdaleentje,Magdalena
Magdalena,Magdalena
Magdalene,Magdalena
Magdalen,Magdalena
Magdalentie,Magdalena
Magdaletie,Magdalena
Magdaline,Magdalena
Magdalin,Magdalena
Magdal,Machtel
Magda,Magdalena
Magdelana,Magdalena
Magdelane,Magdalena
Magdelena,Magdalena
Magdelene,Magdalena
Magdeline,Magdalena
Magdel,Machtel
Magdlena,Magdalena
Magd,Magdalena
Magerie,Margriet
Maghdaleena,Magdalena
Maghdalena,Magdalena
Maghiel,Michael
Mag,Magdalena
Magrietje,Margriet
Magriet,Margriet
Magrytie,Margriet
Magteld,Matilda
Magteldt,Matilda
Magteltie,Matilda
Magtelt,Machtel
Magtle,Machtel
Magualena,Magdalena
Maicke,Mayke
Maieke,Mayke
Maika,Mayke
Maike,Mayke
Maikie,Mayke
Majeke,Mayke
Mallie,Molly
Malli,Molly
Mally,Molly
Manassa,Manasse
Manes,Manus
Manuel,Emanuel
Maragarita,Margriet
Maragreta,Margriet
Maragrieta,Margriet
Maragrietie,Margriet
Maragriet,Margriet
Maragrite,Margriet
Maragritie,Margriet
Maragrittie,Margriet
Maragritye,Margriet
Maragryetie,Margriet
Mara,Maria
Marargriety,Margriet
Marariet,Margriet
Marathen,Marthen
Maratie,Maritie
Maratye,Maritie
Marcaret,Margriet
Marcelis,Merselis
Marci,Mercy
Maregrieta,Margriet
Maregrietie,Margriet
Maregriet,Margriet
Mareiia,Maria
Mareitie,Maritie
Mareitje,Maritie
Marejtie,Maritie
Marejtje,Maritie
Marejtye,Maritie
Maren,Marten
Marete,Maritie
Marethen,Marthen
Maretie,Maritie
Maretje,Maritie
Mareya,Maria
Marey,Maria
Mareytie,Maritie
Mareytje,Maritie
Margareta,Margriet
Margarete,Margriet
Margaretha,Margriet
Margareth,Margriet
Margaret,Margriet
Margaretta,Margriet
Margarieta,Margriet
margarieta,Margriet
Margariete,Margriet
Margarietha,Margriet
Margarietie,Margriet
Margarietje,Margriet
Margariet,Margriet
Margari,Margriet
Margarita,Margriet
Margarite,Margriet
Margaritha,Margriet
Margarith,Margriet
Margaritie,Margriet
Margarit,Margriet
Margaritta,Margriet
Margar,Margriet
Margarytie,Margriet
Margerietie,Margriet
Margerita,Margriet
Margitta,Margriet
Marg,Margriet
Margrat,Margriet
Margreat,Margriet
Margreit,Margriet
Margreta,Margriet
Margreth,Margriet
Margretie,Margriet
Margret,Margriet
Margriejte,Margriet
Margrie,Margriet
Margrieta,Margriet
Margriete,Margriet
Margrietie,Margriet
Margrietje,Margriet
Margrietj,Margriet
Margriettie,Margriet
Margrietye,Margriet
Margrita,Margriet
Margrite,Margriet
Margritha,Margriet
Margritie,Margriet
Margritje,Margriet
Margrit,Margriet
Margritta,Margriet
margritta,Margriet
Margr,Margriet
Margt,Margriet
Mariah,Maria
Maria Margarieta,Margriet
maria,Maria
Marian,Maria
Marianna,Mariana
Mariaret,Maritie
Marica,Marike
Mariea,Maria
Marie,Maria
Marietie,Maritie
Marietje,Maritie
Marigiettie,Margriet
Marigritta,Margriet
Mariite,Maritie
Marija,Maria
Mari,Maria
Maris,Marris
Maritei,Maritie
Marite,Maritie
Maritiei,Maritie
Maritien,Maritie
Maritije,Maritie
Maritje,Maritie
Maritye,Maritie
Marja,Maria
Marjriet,Margriet
Marjtje,Maritie
Mar,Maritie
Marragrieta,Margriet
Marragrietie,Margriet
Marragriet,Margriet
Marreeten,Marthen
Marregreta,Margriet
Marregriete,Margriet
Marregrietie,Margriet
Marregriet,Margriet
Marreitie,Maritie
Marrejtye,Maritie
Marres,Maurice
Marrethe,Marethe
Marrethen,Marthen
Marretian,Maritie
Marretie,Maritie
Marretien,Maritie
Marretje,Maritie
Marretye,Maritie
Marreytie,Maritie
Marreytje,Maritie
Marreytye,Maritie
Marriche,Marche
Marrie,Maria
Marrieta,Maritie
Marrietie,Maritie
Marrietje,Maritie
Marrita,Maritie
Marritie,Maritie
Marritje,Maritie
Marrittie,Maritie
Marritye,Maritie
Marr,Maritie
Marrrytie,Maritie
Marrtetie,Maritie
Marrtie,Maritie
Marrya,Maria
Marryetie,Maritie
Marry,Maria
Marrytie,Maritie
Marrytje,Maritie
Marrytye,Maritie
Marselis,Merselis
Marselus,Merselis
Marteines,Martinus
Marteinus,Martinus
Marte,Marten
Marten,Marten
Martge,Margriet
Martha,Marethe
Marthen,Marten
Martie,Maritie
Martije,Maritie
Marting,Marten
Martinis,Martinus
Martintie,Martyntie
Martinus,Marten
Martitie,Maritie
Martje,Maritie
Martte,Maritie
Martye,Maritie
Martyie,Maritie
Martynes,Martinus
Martynis,Martinus
Martyn,Marten
Martynus,Martinus
Marya,Maria
Marye,Maria
Maryetje,Maritie
Marygriethe,Margriet
Maryje,Maria
Maryke,Marike
Mary,Maria
Maryn,Marin
Maryntie,Martyntie
Marynus,Marinus
Maryritje,Maritie
Marytche,Maritie
MarYtie,Maria
Marytie,Maritie
Marytje,Maritie
Marytjeran,Martyntie
Marytye,Maritie
Maryytie,Maritie
Masere,Mazre
Mateues,Mattheus
Mateus,Mattheus
Matewes,Mattheus
Mateys,Mattheus
Matheus,Mattheus
Mathewis,Mattheus
Mathew,Matthew
Matheyes,Mattheus
Mathias,Mattheus
Mathis,Mattheus
Mathteus,Mattheus
Mathys,Mattheus
Matis,Mattheus
Mattewes,Mattheus
Mattewis,Mattheus
Matthaeus,Mattheus
Mattheuw,Mattheus
Matthewis,Mattheus
Matthew,Mattheus
Matthews,Mattheus
Mattheys,Mattheus
Matthias,Mattheus
Matthies,Mattheus
Matthis,Mattheus
Matthius,Mattheus
Matthue,Matthew
Matthyas,Mattheus
Matthyes,Mattheus
Matthys,Mattheus
Mattie,Mattie
Matties,Mattheus
Mattius,Mattheus
Mattyes,Mattheus
Mattys,Mattheus
Matys,Mattheus
Maurits,Maurice
Maus,Maas
Maycke,Mayke
Mayeke,Mayke
Mayken,Mayke
Mechtelt,Matilda
Meeltie,Neeltie
Meenes,Manus
Meetie,Emmetie
Megteltie,Matilda
Mehittable,Mehitabel
Meigel,Michael
Meindert,Meyndert
Meind,Meyndert
Meindt,Meyndert
Meinert,Meinard
Melchart,Melchert
Menno,Meino
Mercelis,Merselis
Merey,Maria
Mereytje,Maritie
Mergeri,Margriet
Meria,Maria
Merretie,Maritie
Merretien,Maritie
Merretje,Maritie
Merreytje,Maritie
Merritie,Maritie
Merritje,Maritie
Merrytie,Maritie
Merrytje,Maritie
Mersilis,Merselis
Methew,Matthew
Metie,Mattie
Metje,Mattie
Metthe,Mattie
Metthie,Mattie
Mettie,Emmetie
Mettis,Mattheus
Mettitje,Mattie
Mettje,Mattie
Metye,Mattie
Meynard,Meinard
Meynd,Meyndert
Meyndt,Meyndert
Meynno,Meino
Meyno,Meino
Michal,Michael
Micheal,Michael
Micheel,Michael
Michell,Michael
Michel,Michael
Michiel,Michael
Milbury,Mulbury
Miljora,Meljora
Minardt,Meinard
Mindert,Meyndert
Mordach,Mordachai
Mordac,Mordachai
Mosus,Moses
Mourits,Maurits
Mouritz,Maurits
Mozes,Moses
Muely,Molly
Mulburry,Mulbury
Muno,Meino
Mykel,Michael
Myndert,Meyndert
Mynno,Meino
Myno,Meino
Mynouw,Minouw
Naltie,Neeltie
Nanny,Nenny
Nansy,Nancy
Nary,Maria
Nathaniel,Nathan
Natie,Annatie
Neeeltie,Neeltie
Neel,Nelly
Neelte,Neeltie
Neeltje,Neeltie
Neelt,Neeltie
Neeltye,Neeltie
Neely,Nelly
Neesje,Niesje
Neisje,Niesse
Nelletie,Neeltie
Nelletje,Neeltie
Nelletye,Neeltie
Nellie,Nelly
Nellietie,Neeltie
Nelli,Nelly
Nellitie,Neeltie
Nell,Nelly
Nelltie,Neeltie
Nelly,Neeltie
Nel,Nelly
Neltie,Neeltie
Nelti,Neeltie
Neltje,Neeltie
Nelt,Neeltie
Neltye,Neeltie
Nencie,Nancy
Nency,Nancy
Nensei,Nancy
Nensey,Nancy
Nensi,Nancy
Nensy,Nancy
Nicael,Michael
Nicasius,Nicholas
Nichlaas,Nicholas
Nichls,Nicholas
Nicholaas,Nicholas
Nicholaes,Nicholas
Nicholaus,Nicholas
Nicklaes,Nicholas
Nicklas,Nicholas
Niclaas,Nicholas
Niclaes,Nicholas
Nicolaas,Nicholas
Nicolaes,Nicholas
Nicolas,Nicholas
Nicolass,Nicholas
Nicolaus,Nicholas
Nicols,Nicholas
Nieltie,Neeltie
Nieltien,Neeltie
Niese,Niesse
Niesen,Niesse
Niesie,Niesse
Niessi,Niesse
Niessje,Niesse
Nikes,Nicas
Niklaas,Nicholas
Niklaes,Nicholas
Nikolaas,Nicholas
Nilletie,Neeltie
Nillie,Neeltie
Nisje,Niesse
nis,Johannes
Nisse,Niesse
nnis,Johannes
Noemi,Naomi
Obadiah,Obediah
Obadia,Obediah
Obedia,Obediah
Obedias,Obadias
Obedie,Obediah
Obed,Obediah
Obedy,Obediah
Olevier,Oliver
Olfert,Wolfert
Oloff,Olof
Oloph,Olof
Olphert,Wolfert
Olvert,Wolfert
Orsseltie,Ursula
Pagge,Peggy
Pallas,Paulus
Palle,Polly
Palley,Polly
Pallie,Polly
Palli,Polly
Pally,Polly
Pamelia,Pamela
Pamilla,Pamela
Paryntie,Pryntie
Patientia,Patience
Patientie,Patience
Patric,Patrick
Patrik,Patrick
Paulius,Paulus
Paul,Paulus
Peccens,Patience
Pecens,Patience
Peciens,Patience
Pegge,Peggy
Peggi,Peggy
Percella,Priscilla
Persella,Priscilla
Persellie,Priscilla
Peryntie,Pryntie
Pesensie,Patience
Peternella,Petronella
Petertie,Pietertie
Peterus,Petrus
Petiens,Patience
Petres,Petrus
Petris,Petrus
Petronelle,Petronella
Petronellitie,Petronella
Petronel,Petronella
Petronetta,Petronella
Petterick,Patrick
Phaebie,Phoebe
Pheben,Phoebe
Phebe,Phoebe
Phebie,Phoebe
Pheby,Phoebe
Pheebe,Phoebe
Pheobe,Phoebe
Phililp,Philip
Philiph,Philip
Philippes,Philip
Philipp,Philip
Philippus,Philip
Philipus,Philip
Phillip,Philip
Phill,Philip
Phil,Philip
Phobe,Phoebe
Phoby,Phoebe
Phoebie,Phoebe
Piere,Pierre
Pierernella,Petronella
Pieterije,Pietertie
Pieterje,Pietertie
Pieternalla,Petronella
Pieternela,Petronella
Pieternelia,Petronella
Pieternella,Petronella
Pieternelle,Petronella
Pieternellitie,Petronella
Pieternells,Petronella
Pieternel,Petronella
Pieteronella,Petronella
Pieter,Peter
Pietertje,Pietertie
Pietert,Pietertie
Pietrenella,Petronella
Pietronella,Petronella
Pietronelle,Petronella
Pietr,Peter
Pietrus,Petrus
Pietter,Peter
Pironella,Petronella
Pirsilla,Priscilla
Piter,Peter
Polley,Polly
Poulus,Paulus
Pouweles,Paulus
Pouwelis,Paulus
Pouwelus,Paulus
Pouwlus,Paulus
Precilla,Priscilla
Presilla,Priscilla
Preyntje,Pryntje
Pricilla,Priscilla
Printje,Pryntie
Prissilla,Priscilla
Prudensje,Prudence
Prudens,Prudence
Prymes,Primes
Pryntje,Pryntie
Quiliaan,Kiliaan
Quiliasn,Kiliaan
Raachel,Rachel
Raagel,Rachel
Rabecka,Rebecca
Rachael,Rachel
Rachal,Rachel
Rachele,Rachel
Rachelje,Rachel
Rachell,Rachel
RacheL,Rachel
Racheltie,Rachel
Racher,Rachel
Rachertie,Rachel
Rachgel,Rachel
Rachuel,Rachel
Ragehl,Rachel
Ragel,Rachel
Ralph,Roelof
Raphel,Raphael
Rebacca,Rebecca
Rebacka,Rebecca
Rebbeca,Rebecca
Rebbecca,Rebecca
Rebbekka,Rebecca
Rebeca,Rebecca
Rebeccah,Rebecca
Rebecck,Rebecca
Rebecka,Rebecca
Rebeckca,Rebecca
Rebecke,Rebecca
Rebeckka,Rebecca
Rebeckke,Rebecca
Rebeecka,Rebecca
Rebekka,Rebecca
Reb,Rebecca
Rececca,Rebecca
Recina,Rosina
Reghel,Rachel
Reignier,Reynier
Reikert,Rykert
Reimer,Reynier
Rendiltje,Rendeltje
Renselaar,Renselaer
Rensselaer,Renselaer
Renssie,Rensje
Rentzlaar,Renselaer
Renzelaar,Renselaer
Resina,Rosina
Resje,Rasje
Resoel,Resula
Resolveert,Resolvert
Resolve,Resolvert
Resserdt,Ritzard
Resuele,Resula
Resulla,Resula
Resull,Resula
Reychje,Reyckje
Reycke,Rycke
Reyckje,Rycke
Reyert,Reyer
Reykaard,Rykert
Reykart,Rykert
Reykert,Richard
Reykje,Reyckje
Reymerich,Rymerick
Reymerig,Rymerick
Reyntie,Tryntie
Rezina,Rosina
Rezula,Resula
Rhem,Rem
Rhymey,Rhyme
Richart,Richard
Richerd,Richard
Richert,Richard
Rikkart,Rykert
Rimerig,Reimerig
Rimey,Rhyme
Ritsard,Ritzard
Ritzardt,Ritzard
Robard,Robert
Robbard,Robert
Robbart,Robert
Robben,Robin
Robberd,Robert
Robberdt,Robert
Robbert,Robert
Roberd,Robert
Robet,Robert
Rodger,Roger
Roelef,Roelof
Roelief,Roelof
Roeloff,Roelof
Roelofs,Roelof
Roetie,Ruth
Rohbert,Robert
Ropert,Robert
Rosannah,Rosina
Rosanna,Rosina
Rosella,Resula
Roselle,Resula
Rose,Roose
Ruben,Reuben
Rusje,Rasje
Russie,Rusje
Rutcher,Ritcher
Rutgerd,Ruthgert
Rutgers,Rutger
Rutgert,Rutger
Rutgerts,Rutger
Ruthgerd,Ruthgert
Ruthie,Ruth
Ruthje,Ruth
Rutie,Ruth
Rychard,Richard
Rychardt,Richard
Ryckardt,Richard
Ryckert,Rykert
Rycke,Rycke
Ryckie,Reyckje
Ryckje,Rycke
Ryck,Rycke
Ryer,Reyer
Rykard,Rykert
Rykart,Rykert
Rykhard,Rykert
Rykhart,Rykert
Ryk,Rycke
Rymerich,Rymerick
Rymier,Reynier
Rynier,Reynier
Ryntie,Tryntie
Saara,Sara
Saar,Sara
Sacharias,Zacharias
Sacharia,Zacharias
Sacharius,Zacharias
Saertie,Saartje
Saertje,Saartje
Saertye,Saraatie
Saes,Sas
Safeiia,Sophia
Safeija,Sophia
Safya,Sophia
Safytie,Sophia
Saintie,Santie
Salamon,Solomon
Salia,Celia
Salla,Sally
Salloma,Salome
Salmon,Solomon
Saloman,Solomon
Salomom,Solomon
Salomon,Solomon
Salomo,Solomon
Samel,Samuel
Saml,Samuel
Sammiel,Samuel
Sammuel,Samuel
Sammul,Samuel
Sam,Samuel
Samual,Samuel
Sander,Sanders
Sanitie,Santie
Sapheya,Sophia
Saphia,Sophia
Saraatie,Saartje
Sarag,Sara
Sarah,Sara
Sarai,Sara
Saratie,Saraatie
Sarel,Zarel
Sarertje,Saartje
Sare,Sara
Sartie,Saraatie
Sary,Sara
Saunders,Sanders
Scharlotta,Charlotte
Scherlotta,Charlotte
Scherlotte,Charlotte
Schiboleth,Schibboleth
Sebastiaen,Sebastian
Seeltie,Celitie
Sefya,Sophia
Seintie,Santie
Seitie,Sytie
Selia,Celia
Selitie,Seeltie
Sellei,Sally
Selley,Sally
Selli,Sally
Selly,Sally
Sely,Sally
Serrey,Sara
Servaas,Servaes
Servas,Servaes
Setie,Sytie
Setphen,Stephan
Seu,Seeuw
Seweer,Sweer
Seybout,Sybout
Seybrant,Sybrand
Seyfya,Sophia
Seyntie,Santie
Seytie,Sytie
Sibilla,Sybil
Sibi,Sibe
Sibouwt,Sybout
Sibrant,Sybrand
Sibylla,Sybil
Sibyl,Sybil
Siman,Simon
Simen,Simon
Simeon,Simon
Simion,Simon
Simons,Simon
Simson,Simon
Sjarel,Charles
Sjeems,James
Sjems,James
Soert,Sjoert
Sofia,Sophia
Sofitie,Sefytie
Sofya,Sophia
Soickje,Seche
Sophiade,Sophia
Sophya,Sophia
Sophy,Sophia
Sosanna,Susannah
Sosanne,Susannah
Sourt,Soert
Souword,Soert
Sowchey,Seche
Staas,Staats
Staat,Staats
Staes,Staats
Staets,Staats
Steats,Staats
Stefanes,Stephan
Stefanis,Stephan
Stefanus,Stephan
Stephanes,Stephan
Stephanis,Stephan
Stephanus,Stephan
Stephen,Stephan
Stepheyn,Stephan
Steph,Stephan
Step,Stephan
Stevanis,Stephan
Stevanus,Stephan
Steven,Stephan
Steve,Stephan
Stevin,Stephan
Steyntie,Syntie
Steyntje,Stintie
Stie,Sytie
Stoffel,Christofel
Stynte,Stintie
Styntie,Stintie
Styntje,Stintie
Suanna,Susannah
Sucanna,Susannah
Susaanna,Susannah
Susanah,Susannah
Susana,Susannah
Susane,Susannah
Susanneke,Susannah
Susanne,Susannah
Susan,Susannah
Sussanna,Susannah
Sus,Susannah
Suster,Sister
Suzana,Susannah
Suzannah,Susannah
Suzanna,Susannah
Suzanneke,Susannah
Swaantje,Swantje
Sybert,Sibert
Syboudt,Sybout
Sybrant,Sybrand
Syfeytie,Sefytie
Syles,Sylas
Sylvester,Silvester
Symen,Simon
Symeon,Simon
Syme,Simon
Symon,Simon
Sytie,Sytie
Sytje,Sytie
Tammes,Thomas
Tammus,Thomas
Tanna,Dinah
Tanneca,Tanneke
Tanneke,Janneke
Tanneken,Tanneke
Tannetie,Annatie
Tatie,Tietie
Tbeophilus,Theophilus
teendert,Leendert
Tempie,Tempje
Tenneke,Tanneke
Teophilus,Theophilus
Terrenz,Terrence
Terrins,Terrence
Teryntie,Tryntie
Thanneke,Tanneke
Theodorus,Theodore
Theophilis,Theophilus
Therrens,Terrence
Theunis,Teunis
Theuntie,Teuntie
Theuntje,Teuntje
Thielman,Tieleman
Thileman,Tieleman
Thimotheus,Timotheus
Thoams,Thomas
Thoms,Thomas
Thom,Thomas
Thomus,Thomas
Thovet,Thauvet
Thryntie,Tryntie
Thuennus,Teunis
Thunis,Teunis
Thunnis,Teunis
Thymon,Thymen
Thysje,Tysje
Thys,Tys
Tieite,Tietie
Tierk,Dirk
Tiesje,Tysje
Tileman,Tieleman
Timon,Thymen
Timothens,Timotheus
Timothey,Timotheus
Timothy,Timothey
Titia,Tietie
Titie,Tietie
Titje,Tietie
Titye,Tietie
Tjaadje,Tietie
Tjaatie,Tietie
Tjaatje,Tietie
Tjaetje,Tietie
Tjatie,Tietie
Tjerck,Dirk
Tjerk,Dirk
Tmaria,Maria
Tobais,Tobias
Tobs,Tobias
Tobyas,Tobias
Tohannes,Johannes
Tomas,Thomas
Tomes,Thomas
Tomus,Thomas
Tonie,Antoine
Tonis,Teunis
Treintie,Tryntie
Treintye,Tryntie
Treyntie,Tryntie
Treyntje,Tryntie
Trientien,Tryntie
Trintie,Tryntie
Triny,Trina
Trynitie,Tryntie
Trynte,Tryntie
Trynti,Tryntie
Tryntje,Tryntie
Tryn,Tryntie
Trytie,Tryntie
tSara,Sara
Tuenes,Teunis
Tuentie,Teuntie
Tuinis,Teunis
Tunis,Teunis
Tuonis,Teunis
Turk,Dirk
Turkje,Dirckje
Tymen,Thymen
Tymon,Thymen
Tyna,Dinah
Tyne,Dinah
Tyryntie,Tryntie
Tysie,Tysje
Tytie,Tietie
Ulryk,Ulrick
Unice,Eunice
Ursela,Ursula
Urselina,Ursula
Ursella,Ursula
Urseltie,Ursula
Ursulina,Ursula
Valentine,Valentyn
Valenty,Valentyn
Veronika,Veronica
Vicktoor,Victor
Victoor,Victor
Viktoor,Victor
Vincentius,Vincent
Volckert,Volkert
Volkerd,Volkert
Volker,Volkert
Volkhard,Volkert
Volkhert,Volkert
Volkia,Volkie
Volkie,Volkie
Volkje,Volkie
Vrederik,Frederick
Vredrik,Frederick
Vroutie,Vrouwtie
Vrowtie,Vrouwtie
Walder,Walter
Waldrom,Waldron
Walters,Walter
Walther,Walter
Wandel,Wendel
Warnaer,Warner
Warnar,Warner
Warnert,Warnard
Weintie,Wyntie
Weintje,Wyntie
Wendell,Wendel
Weynant,Wynant
Weyntie,Wyntie
Weyntje,Wyntje
Weynt,Wyntie
Whilliam,William
Whouter,Wouter
Wid,Widow
Wierdt,Wiert
Wierd,Wiert
Wiety,Weety
Wife,wife
Wiil,Will
Wilemeintie,Willemtie
Wilempje,Willempie
Wilem,William
Wilhalmas,Wilhelm
Wilham,William
Wilhelmas,Wilhelm
Wilhelmes,Wilhelm
Wilhelmis,Wilhelm
Wilhelmus,Wilhelm
Wilhelmu,Wilhelm
Wilhelrnus,Wilhelm
Wilhemina,Wilhelmina
Wilhem,Wilhelm
Willam,William
Willelmus,Wilhelm
Willelpie,Willempie
Willemeintie,Willemtie
Willemeyntje,Willemtie
Willemina,Wilhelmina
Willemje,Willempie
Willemke,Willemtie
Willempe,Willempie
Willempie,Willemtie
Willempi,Willemtie
Willemptie,Willemtie
Willemptje,Willemtie
Willemtie,Willemtie
Willemtje,Willemtie
Willem,William
Willemyna,Willemina
Willemyntie,Willemtie
Willemyntje,Willemtie
Williampe,Willempie
Williams,Wilhelm
Williem,William
Willimina,Willemina
Willimintie,Willemtie
Willimpie,Willempie
Willimpje,Willempie
Willimtie,Willempie
Willim,William
Willimyntie,Willemtie
Willipe,Willempie
Willium,William
Willliam,William
Willm,William
Willum,William
Wilm,William
Wilyem,William
Wilyum,William
Winant,Wynant
Wintie,Wyntie
Wintye,Wyntie
Wlizabeth,Elizabeth
Wolferts,Wolfert
Wolffert,Wolfert
Wolphert,Wolfert
Wolter,Walter
Wolvert,Wolfert
Wulter,Walter
Wusanna,Susannah
Wybrug,Wyburg
Wyentie,Wyntie
Wynandt,Wynant
Wynand,Wynant
Wyntje,Wyntie
Yda,Ida
Yellis,Jellis
Ysaac,Isaac
Ysaak,Isaac
Ysack,Isaac
Ysbrant,Sybrand
Ytie,Ida
Yzaac,Isaac
Yzac,Isaac
Yzak,Isaac
Zaarel,Zarel
Zaartie,Saraatie
Zaccharias,Zacharias
Zacharia,Zacharias
Zacharius,Zacharias
Zachary,Zacharias
Zandaer,Zander
Zanneke,Janneke
Zantie,Santie
Zarah,Sara
Zara,Sara
Zaria,Sara
Zebrand,Sybrand
Zebrant,Sybrand
Zefeytie,Sefytie
Zeffya,Sophia
Zefya,Sophia
Zeittje,Sytie
Zephia,Sophia
Zephrinus,Zepherinus
Zeybrand,Sybrand
Zeyfitie,Sefytie
Zeyntie,Santie
Zeytie,Sytie
Zharel,Zarel
Zusannah,Susannah
Zusanna,Susannah
Zuster,Sister
Zuzanna,Susannah
Zuz,Susannah
Zwaantje,Swantje
Zydtie,Sytie
Zyfitie,Sophia
Zyfya,Sophia
Zytie,Sytie
Abra,Abraham
Ahas,Ahasuerus
Aibertus,Albertus
Abig,Abigail
Catahna,Catharina
Cathanna,Catharina
Elisab,Elizabeth
Cataleyntie,Catalina
Cathalyntie,Catalina
Omphri,Humphrey
Onfrey,Humphrey
Hend,Hendrick
Anth,Anthony
Barb,Barbara
Robt,Robert